geoid,neighborhood_2021,totalPopulation,malePercent,age<18Percent,age>60Percent,white,black,asian,hispanic,foreignBorn,collegeAbove,poverty,unemployment,renterPercent,noCarPercent,medianIncome,noMove,housingCostPerc,comDriveAlone,comCarpool,comPublicTransit,comWFH,comTaxi,comMotorcycle,comBikeWalk,commute<10min,commute10-29min,commute30-59min,commute>60min
10,4,40935,46.88652742,22.31586662,20.14168804,4.108953219,66.60803713,7.678026139,13.91474289,40.25161842,19.88531785,11.62379303,33.71919001,35.13077446,23.42900815,75514.11765,94.26055643,31.27352941,48.5511469,4.629972983,38.72437358,2.876516396,1.387932405,0.238385337,3.088414473,2.416275772,21.10286899,37.96225592,38.51859932
100,0,358,57.54189944,6.145251397,19.55307263,47.76536313,25.1396648,15.6424581,7.262569832,31.84357542,59.54692557,34.07821229,38.98809524,58.2781457,88.0794702,118542,54.95750708,30.05,3.278688525,0,45.90163934,6.557377049,0,0,44.26229508,1.754385965,71.34502924,26.9005848,0
101,1,25349,45.52447828,17.01447789,35.78444909,34.89289518,4.812813129,48.15180086,8.99443765,43.56384867,50.2664028,7.552709922,44.77410967,24.85344542,14.08030085,99079.16667,92.42260403,22.98333333,65.98140865,6.855559528,16.99141938,5.800858062,0.482659993,0,3.789774759,6.888699118,35.41132935,30.24954929,27.45042224
102,1,36257,49.34219599,20.71599967,20.49259453,72.72250876,2.940121907,4.239181399,44.44934771,33.63764239,25.96164976,7.930415574,35.69358318,52.65873016,25.11904762,82622.30769,93.9039736,27.71923077,41.94475761,6.837655017,37.71702368,6.183765502,0.090191657,0.03945885,6.612175874,3.52099982,22.66418314,45.44853692,28.36628012
106,3,6332,54.02716361,16.91408718,14.5609602,61.33922931,5.180037903,9.128237524,32.73847126,24.16298168,64.81858948,9.690293742,23.29881657,62.87519747,53.31753555,120834.3333,84.89278752,23.46666667,6.767918998,2.344790834,59.76552092,15.08126832,1.438848921,0,14.068745,5.867587072,20.42673361,63.28835896,10.41732036
107,0,27291,48.03781466,9.640540838,18.10486974,72.73826536,5.554944854,15.59122055,6.786119966,14.22813382,83.8007175,10.76324114,26.24587392,60.38354966,79.08706431,143004.75,76.3120778,20.1625,3.032596042,1.443538999,43.58556461,21.5774156,2.415599534,0,26.93247963,6.702293476,56.4907593,31.32932532,5.47762191
108,4,31434,45.99478272,22.18934911,27.38754215,46.35108481,11.64344341,25.7364637,18.99853662,48.55252275,33.1061693,19.59022401,45.24482109,65.45975981,45.60853199,56804.5,93.2286808,30.05625,27.25291307,4.074105122,47.80786319,7.402129265,0.796378573,0.159275715,11.19121469,4.345464422,24.99547347,33.97609995,36.68296216
109,1,43161,48.04337249,19.30446468,25.80802113,87.23847918,1.19320683,5.120363291,12.72676722,19.12142907,40.18005363,5.78313253,39.43088305,19.17288226,8.231220032,109866.25,94.61294387,22.81875,57.99930806,8.367518411,23.12064449,8.135224633,0.607917758,0,1.319626353,1.904556948,29.5260128,30.6289342,37.94049605
11,4,33765,49.11891011,23.52732119,23.18377018,48.82866874,2.505553088,33.08159337,15.21397897,49.24033763,36.1027126,15.29271563,40.27115614,58.98187633,35.56325515,77831.45455,89.01367333,28.77727273,29.80589901,3.384679146,50.67348208,9.822477033,0.635490778,0.117427644,5.201353872,2.00689391,21.18728457,34.04059747,42.76522405
112,3,37518,49.42960712,12.60994723,14.2918066,78.56495549,3.081187697,3.971427048,14.65429927,26.49928035,62.98452133,9.311535065,21.44192498,81.87796649,60.35912392,107693.6154,82.34913095,24.98525641,11.23647932,1.887592789,51.16861082,19.52916225,0.835630965,0.101802757,13.95121951,3.716198408,23.1458542,60.17078699,12.9671604
113,0,19662,47.23324179,8.229071305,25.81629539,77.56586309,2.939680602,12.51144339,6.937239345,15.03407588,89.57956286,5.30776875,33.09415567,46.07444479,67.54248775,188760.75,75.82075856,19.2375,7.034909412,0.9898365,36.85373398,25.41758727,3.667697746,0,24.72823685,8.685863254,57.72010902,28.84227989,4.751747837
114,0,12918,49.01687568,8.143675492,15.11843939,69.182536,5.689735253,18.83418486,7.121845487,26.73788512,84.9106482,11.90413018,30.68134779,82.03290438,77.06466851,137939.6667,68.22985986,17.66666667,3.728902264,1.491560905,35.28719089,16.01465393,3.990579615,1.648567316,37.49836452,14.94002181,59.33946098,19.8940645,5.826452718
115,4,22111,48.83542128,19.02672878,18.0814979,40.30573018,35.81927547,12.79905929,23.38202705,32.16498575,31.83264505,13.00322826,38.21496599,56.8431824,23.29240215,78941.42857,90.54245823,25.11666667,43.46944979,4.772520012,38.94011551,5.87698855,0.81061911,0,4.934643834,5.059748089,27.05350414,32.33932608,35.54742168
116,2,53595,48.66685325,16.79074541,18.44575054,25.14040489,30.13527381,3.890288273,48.89448643,35.55182386,39.65002447,23.97528321,30.42557883,85.43998303,80.31613006,59099.14286,88.41180684,23.41428571,5.411897697,1.282323018,67.78649145,18.10442278,0.222551929,0.12010739,6.895577222,3.230815684,18.42298236,58.81033516,19.5358668
117,4,45605,45.54983006,28.54950115,20.23243065,26.95099222,48.42451486,3.782479991,28.24032453,31.48996821,24.67372737,23.32512371,42.35360494,67.7516499,43.65348882,49588.11111,90.8553985,26.16111111,42.97294076,4.768148766,39.69483848,6.085349863,0.750983431,0,4.637024675,5.527701974,16.34194326,34.21336549,43.91698927
118,1,32841,46.81038945,20.43177735,29.51189062,73.59702811,2.856185865,17.95012332,11.71097104,31.1592217,38.33181404,10.04711535,44.77138808,23.64674793,12.84630466,99646.75,93.02525656,31.725,59.52050289,8.274248958,21.42387252,7.682186975,0.102331701,0,2.265916234,6.072842439,27.8226445,29.5091053,36.59540776
119,2,39972,46.67517262,29.41559091,14.52016411,12.04593215,41.78174722,0.605423797,61.75322726,34.33403382,15.79483834,35.7627589,39.42291275,96.41075388,77.79240576,34685,92.05933238,26.4452381,12.49588735,3.355925512,69.7111272,5.685332631,1.82272817,0,6.310456011,2.337263657,17.23295891,47.85460127,32.57517617
121,4,36244,43.64308575,18.70102638,23.95430968,36.77574219,12.42964353,28.61163227,27.23209359,37.86833683,35.34336276,13.19580974,42.14252783,52.15148949,30.29789855,75962.875,89.37836787,25.8875,37.82504334,8.207761035,37.03827177,5.814108548,0.193359115,1.646886252,7.601013468,3.999716834,23.15588277,41.64660909,31.19779131
122,4,21306,46.08560969,19.37482399,22.9418943,4.327419506,60.41960011,17.647611,11.82765418,46.3672205,25.9807453,9.548411787,35.28751123,44.67167279,25.49928104,80292.66667,95.87974325,29.8,43.52653368,5.78660143,42.10575837,3.791870531,1.590139255,0,2.691004893,2.327628362,21.70171149,36.50855746,39.46210269
123,4,46999,48.65635439,26.76439924,20.56213962,74.53137301,3.144747761,9.800208515,11.18321666,47.45845656,41.33220029,16.06358948,40.8743291,63.09111166,39.58281753,61700.0625,90.91794128,29.546875,26.63688912,9.521807672,41.7130846,8.681029953,0.557015239,0,11.76037835,4.914259408,22.73564277,35.28023938,37.06985844
124,1,30915,48.9535824,19.27543264,30.88468381,73.55005661,4.198609089,5.27252143,24.91347242,18.30179525,28.55565465,7.672775807,43.20295777,24.48766933,13.0340396,89816.5,92.47325897,30.2875,59.53097277,6.749980714,25.34135617,3.849417573,1.303710561,0,3.10884826,4.71758665,31.05744544,32.60590501,31.6190629
125,0,3338,40.23367286,12.97183942,26.48292391,71.65967645,0.958657879,16.92630318,5.871779509,17.22588376,89.12805545,4.613541043,18.42374616,64.28992339,75.13258692,211979,82.09914321,21.15,5.770887166,0.559862188,48.8372093,16.19293712,9.689922481,0,17.87252369,7.656731757,39.92805755,49.12641316,3.288797533
126,2,26536,49.54024721,27.08019295,15.83886042,11.10566777,29.31112451,0.452215858,72.72007838,27.39297558,12.47987118,32.4974651,41.54985585,91.49386845,70.70234114,31704.5,91.66761785,31.90089286,18.76856879,3.360311443,59.23573404,2.776354882,0.768363897,0,14.32230304,4.604847208,28.7776607,33.31928346,33.29820864
127,2,42900,46.38461538,19.01165501,18.67132867,31.27505828,12.82750583,2.752913753,71.68531469,39.9044289,37.79964673,15.31182092,32.87444625,90.72702685,70.9704424,65717.66667,92.42477793,20.68333333,9.732474493,4.381964361,62.89435328,11.97987682,0.912125629,0,8.519441441,4.68992041,14.61460392,49.2495059,31.44596977
129,4,99879,50.26582164,18.60050661,22.18083881,39.35962515,4.420348622,24.63080327,51.79667398,58.56686591,30.18079925,13.15005403,34.70037228,59.63312952,50.71150639,65739.77273,94.41878836,30.88636364,19.14135451,4.958677686,54.12686487,9.337769668,1.373832779,0.068691639,10.47976817,2.509766781,26.16076714,46.79294424,24.53652184
13,0,16977,48.9780291,20.9342051,15.53277964,70.61907286,1.543264417,21.96501149,8.052070448,25.22824999,85.2861875,3.127761089,18.25641026,71.97282536,71.62648195,228546.5,84.03233649,17.225,7.140885249,0.625747676,42.08153124,17.53933928,6.874022269,0.312873838,23.86123125,3.883495146,44.80526727,44.20265595,7.108581632
130,4,58395,49.98886891,22.90607073,20.69184005,7.740388732,16.32502783,35.73764877,34.25807004,60.8973371,24.46912774,15.36182672,36.28358595,74.72842306,50.3760296,59794,91.67113896,29.95714286,26.16272448,4.153536581,56.03857398,3.808041308,0.865636509,0,7.623675918,3.082570256,20.55178402,36.2922324,40.07341332
131,4,28802,50.77077981,20.55412819,25.37670995,25.86278731,26.80022221,28.60565239,15.07534199,52.26720367,44.59805176,9.560290764,36.97407565,45.1025978,26.90791469,85704.4,92.37338769,30.72,38.41570545,5.943014285,39.57680849,10.26659537,0.580551524,0,4.81246658,2.34102324,26.81535711,32.08478761,38.75883204
133,4,35762,53.39186846,25.98568313,17.53257648,51.8427381,7.507969353,26.2457357,16.87825066,37.61254963,47.2336193,15.48125461,36.90824079,65.6820365,52.4415626,66122.625,90.64287348,29.79375,18.61204758,3.956491317,50.73468609,15.36797914,2.366261688,0,8.224667642,4.644870349,20.24051109,47.62119504,27.49342352
134,4,24167,49.7537965,19.93213887,23.86311913,56.30405098,8.292299417,18.67836306,24.65759093,40.00910332,48.77305711,8.528037383,32.33331636,56.63035875,42.35035475,84507,88.31943798,23.73125,27.92003965,4.353213283,47.07583017,10.77977862,1.561209318,0.115645135,6.434825706,3.731136006,23.83112675,47.63447829,24.80325896
135,4,38907,49.23792634,24.32724188,22.7902434,51.32238415,9.186007659,25.28850849,16.13848408,39.49160819,47.27774753,12.16295272,37.14550755,47.76019113,26.04897715,76974,91.19924159,27.65555556,38.27331487,6.117266851,38.90812558,7.652354571,0.005771006,0.126962142,7.023314866,6.136732908,24.9343832,36.98912636,31.93975753
136,2,34856,48.29871471,24.66433326,17.93378471,13.03936195,19.50309846,2.034083085,82.28999311,44.93344044,15.61730262,22.97743209,36.11922636,87.78875054,69.27436668,41761.83333,92.27703327,31.4,16.07368865,2.411756434,64.96976515,5.878216847,0.900014063,0,9.766558852,2.233676976,18.69116988,39.01090692,40.06424623
137,0,24271,49.20275226,10.40748218,22.32705698,67.78047876,10.91425982,14.5029047,14.01260764,22.91211734,70.41390728,10.84321647,34.81844407,71.5379655,75.30227309,110521.25,80.25039383,26.12916667,3.966942149,1.141998497,29.87978963,23.0353118,3.223140496,0,38.15176559,7.965638422,49.13119875,31.7844592,11.11870363
139,4,28918,47.87675496,20.41980773,23.28307628,2.147451414,90.48689398,1.431634276,6.61179888,38.09392074,30.34636008,5.445492845,36.26157262,20.18708858,16.13350271,101772.4545,95.42454141,28.21818182,51.94721366,6.13928136,30.05092161,6.827798896,1.900595281,0.179301442,2.359606971,1.747363559,23.30074667,38.38041721,36.57147256
14,4,84320,48.99549336,19.95018975,24.24928843,66.54530361,3.943311195,14.92765655,19.53273245,32.61859583,49.89326261,11.21015764,36.34270916,61.07995419,45.62351352,88790.25,91.0459426,23.84232804,20.92751751,4.207859307,50.06706742,14.37726663,0.275721596,0.293109444,9.064036962,4.464751958,20.99796925,38.36959675,36.16768204
140,0,29394,45.1860924,17.96284956,21.00768864,78.46839491,1.000204123,13.41090018,12.04327414,28.19963258,78.82070864,8.8366113,25.39727468,83.88793897,77.52203078,119685.8333,73.98441272,22.65,5.111821086,1.698335295,39.2971246,10.92427555,3.716159408,0,39.10655232,15.5612887,39.42864334,39.22099169,5.789076265
141,0,40345,43.3411823,15.37737018,24.44912629,84.04015367,1.69537737,10.6233734,6.122196059,19.9429917,82.75514066,7.171907549,28.42902826,62.85459746,71.21020303,142139.4,78.49508445,20.43,5.936150394,1.155898044,44.52959607,21.72495554,2.642052672,0,23.41434499,3.802672148,49.78633634,36.97192622,9.439065289
142,0,32141,46.44223888,14.01636539,25.22634641,78.56009458,2.016116487,12.96474907,6.90084316,25.90149653,82.3510873,6.896211847,33.0167281,66.24211197,73.16621317,147507.8,81.00187852,21.17,5.659412467,2.841070515,39.35450878,21.80805728,4.79572703,0,24.40479573,4.374682073,48.25230725,42.039096,5.333914686
143,3,33112,43.40420391,16.46230974,27.81468954,62.01075139,7.821937666,16.8065958,9.624909398,24.06076347,82.76109537,12.66610292,31.11039863,58.36929628,66.49404454,141986.6667,86.50834834,19.73333333,5.758928571,1.830357143,49.39732143,17.75111607,3.186383929,0.731026786,20.44642857,5.013908678,39.0935613,50.17301038,5.719519642
144,0,12831,48.82705947,8.82238329,20.10755202,56.7531759,1.48858234,35.6792144,8.22227418,39.27207544,66.6700181,14.25132403,31.11337062,86.58178257,84.00261182,115140,81.98085073,21.43333333,3.215392562,4.455061983,46.95247934,21.82334711,1.31714876,0,22.23657025,3.171456888,54.36075322,39.09811695,3.369672944
145,3,24301,51.2489198,18.60828772,6.300152257,52.71388009,4.057446196,32.92457101,9.987243323,37.2783013,78.33129747,5.970887798,15.82079104,76.04864293,57.75467043,151132.8571,78.43346267,20.70952381,9.37376661,0.32232601,64.91908959,20.54992764,0.151295882,0.105249309,3.861334035,2.036761053,42.30004968,46.80410664,8.85908263
146,3,8382,54.4380816,12.18086376,11.14292532,39.73991887,3.233118587,34.44285373,25.85301837,47.45884037,54.44615385,8.914081146,24.63748836,87.87276342,62.16983811,92060.6,79.6383934,24.23,10.92301491,1.753325272,57.59774285,15.27609835,1.652559452,0,12.09189843,3.020932445,32.96860133,53.49666984,10.51379638
147,2,28368,50.25380711,26.84010152,15.41173153,15.42230682,31.82106599,0.687394247,72.62760857,29.8857868,15.78238167,32.7006566,40.54326417,88.82011985,70.40966696,33072.8,90.92046023,33.56,17.14037961,6.474612198,60.84401195,4.58618364,1.300703343,0,9.528856345,5.452893063,22.47803696,39.13965465,32.92941533
148,0,22062,50.15864382,9.065361255,23.32064183,36.33850059,4.387634847,49.12065996,12.47846977,44.39307406,48.05739514,14.69041248,36.14081996,86.06261288,86.02247642,59069.5,85.61345616,25.5,5.187610174,0.982120373,46.32754134,13.05296735,2.484680601,0,31.167632,3.774860012,44.41977216,41.74551072,10.05985712
149,4,40543,48.20067583,22.10492563,28.15035888,63.40921984,3.384061367,25.55311644,7.406950645,48.75810867,40.58133035,16.09419788,41.47191219,53.81755594,38.9535284,76822.23077,93.6861214,26.98928571,26.69299903,5.455378098,47.27231095,10.15513195,0.675482283,0,8.998797871,3.835616438,23.12838484,35.87766805,37.15833068
15,1,23745,44.9526216,18.26910929,34.92524742,61.70562224,1.335017899,26.54453569,14.03242788,30.17477364,48.82717415,6.371928047,45.36661154,23.99644935,15.24805208,100681.8,91.56718313,24.35,56.14307932,9.90150337,22.0632452,9.663037843,0,0,1.689994816,3.890737978,30.59795708,35.90037874,29.6109262
150,1,11470,47.64603313,15.33565824,35.81517001,81.93548387,3.461203139,7.585004359,6.782911944,50.74106364,50.41313209,9.424035444,43.64004044,52.59917921,29.54856361,105050.4,87.1268821,28.91,43.16770186,8.482142857,28.92080745,11.72360248,0,0,7.181677019,3.518029903,27.90237467,33.83905013,34.74054529
151,3,35162,46.03264888,17.37955748,27.71173426,58.43239861,13.38945452,10.44309197,27.68045049,24.07144076,62.46755173,18.18392335,35.54760055,68.97904076,78.45570271,111000.5,87.43908417,19.7625,4.173994607,2.157345527,58.4710986,22.2652128,1.213506859,0,11.59573221,0.950226244,31.65912519,52.02111614,15.36953243
152,2,23847,47.33509456,19.09674173,16.93714094,23.21885352,32.24304944,5.522707259,50.58078584,34.87231098,29.9528161,26.71351033,35.98277609,94.26811937,79.83183325,40588.75,88.95939086,24.27916667,5.414693044,1.383858085,63.43456859,15.81684778,0.325067335,0,12.66833844,6.233451015,26.69902913,52.9788173,14.08870256
153,2,11753,44.93320854,27.74610738,18.87177742,22.36875691,27.80566664,1.1486429,73.7088403,33.99982983,24.90591398,29.31254792,40.28644029,95.64560785,64.5607853,41135,95.44349939,24.25,15.84541063,2.608695652,61.352657,5.507246377,1.15942029,0,11.69082126,5.342535787,14.62167689,45.32208589,34.71370143
154,1,2278,53.55575066,27.21685689,19.88586479,73.96839333,7.374890255,17.07638279,7.682177349,25.5048288,41.14211551,4.585537919,36.06271777,35.74244415,20.49934297,97981,95.8032491,23.55,40.40307102,5.47024952,39.25143954,12.66794626,0,0,2.207293666,10.87912088,26.7032967,13.73626374,48.68131868
155,1,46698,47.97421731,23.81044156,27.39946036,65.71373506,15.00492526,11.59792711,7.726240953,29.36742473,41.93745233,5.809119739,39.99726739,25.9252417,17.22396699,101123.5789,94.8831483,27.4128483,43.62106276,12.53185862,30.65640779,8.401057947,0.187545083,0.048088483,3.731666266,3.947921042,23.86602268,33.5100798,38.67597648
156,1,33869,50.02804925,24.87230211,19.48389383,40.37910774,28.93206177,11.12521775,37.57713543,28.71947799,26.51321398,16.7917198,38.79457027,37.02196138,23.93979553,79437,93.46594298,30.575,49.82889351,8.9310877,32.25525062,3.925384151,0.832047239,0,3.395289539,2.13018578,35.5636262,24.79396564,37.51222238
157,1,34300,50.6122449,22.83673469,20.18075802,64.68804665,1.370262391,13.62682216,31.50437318,39.16034985,26.87982544,9.98003992,35.08045476,44.41779909,22.97717382,85175.28571,91.93368545,27.49285714,39.9864557,8.489810996,39.50624885,5.011389522,0.868066244,0,5.534691867,2.488819755,27.19554086,41.86920734,28.44643204
158,0,10230,49.19843597,12.12121212,27.39002933,84.81915934,1.661779081,4.58455523,8.572825024,16.67644184,82.65923378,6.753482738,25.20218579,62.6847714,74.45857683,150332,80.60749975,17.25,5.892007221,1.641227638,40.32496307,23.65009027,5.005744297,0,21.08977515,6.685296647,39.93981083,42.94926913,10.42562339
159,2,42674,45.25472184,28.53025261,13.25397197,16.89787693,34.02540188,0.794394713,70.1855931,26.38608989,13.41578327,40.6711062,45.70604103,90.9775914,76.14991482,30098,93.40846671,33.84166667,13.01754629,4.24439975,63.36777863,7.559470144,0.332894098,0,9.51522297,4.546477605,18.37347138,45.532298,31.54775302
16,1,46171,48.4481601,18.45097572,28.93807801,43.93450434,3.597496264,42.44872322,13.88317342,40.95427866,43.16375427,8.161648177,39.25158824,32.34355828,10.3803681,95833.27778,91.70617154,29.44166667,45.29409068,11.73153624,28.31797552,8.953376427,0.178792463,0,5.001604548,3.721047331,27.83484391,37.9204431,30.52366566
160,1,43681,48.55200201,20.36583412,26.2448204,72.05650054,0.986699022,11.73279,22.1400609,37.73265264,35.92756814,7.397368177,36.09231547,42.30058109,22.88034865,93226.375,92.89842341,25.86875,42.09305628,5.675202348,39.39508686,6.541392531,0.132531831,0.293463341,4.657547214,3.332489238,25.96100279,39.86832109,30.83818688
161,0,1354,55.9084195,2.215657312,29.394387,71.19645495,1.550960118,18.31610044,5.686853767,26.21861152,81.90916089,6.213017751,19.71299094,64.68609865,80.04484305,115901,87.81388479,28.175,1.651186791,0.309597523,22.1878225,25.59339525,0,0,49.74200206,22.19140083,57.00416089,14.97919556,5.825242718
162,0,4494,48.82064976,6.497552292,30.17356475,70.51624388,3.226524255,20.51624388,10.16911437,33.37783712,84.6516241,4.467894028,22.77909739,74.46030004,86.79107208,145693.6667,83.39285714,22.43333333,1.845280341,1.064584812,29.55997161,18.31085877,5.145493258,0,44.07381121,14.81320591,51.39009557,26.93310165,6.863596872
163,0,7989,55.78921016,9.588183753,30.2666166,73.71385655,5.006884466,16.05958193,8.023532357,37.45149581,82.32213007,7.435223432,36.74616228,57.28862974,67.46841594,190516.3333,83.33123821,19.55,1.045692203,0.704705615,45.30575131,13.79859059,4.796544669,0,33.53034781,9.757383966,51.95147679,35.2056962,3.085443038
164,0,8529,43.93246571,7.069996483,13.68272951,64.4037988,2.591159573,26.86129675,8.969398523,33.59127682,85.53986467,8.474789388,20.19605379,71.90569745,90.87535473,169998.3333,79.62062833,19.7,2.438614194,0.723175244,38.09283552,13.45442314,1.849983182,0,43.44096872,9.483093665,56.60707346,29.16828605,4.741546832
165,4,57361,50.98237478,28.31366259,23.09931835,71.23481111,5.908195464,13.93106815,7.839821481,39.65935043,48.708577,15.65011406,42.18648171,66.35404455,42.99403639,71896.33333,91.63661556,29.04656863,27.44571202,8.056204026,41.33374444,9.417257631,0.775227943,0.066070563,10.73426419,4.731339655,27.05081449,39.32409434,28.89375152
166,0,38346,47.29306838,10.78860898,17.01611641,50.31815574,15.56616075,16.23637407,20.11943879,27.87774475,71.28078818,22.25170312,45.09500473,78.933419,76.76491848,85848.875,65.91912925,21.65535714,6.30525826,0.546765938,38.79711494,19.61377385,0.48278269,0,33.69590507,14.84804631,36.88856729,39.66714906,8.596237337
167,2,47566,48.20039524,27.32413909,14.33587016,9.859984022,44.53180843,0.643316655,57.79127949,29.66404575,14.21031399,32.89775138,39.70930878,89.37047288,70.514104,33899.5,94.02045633,33.69722222,19.63936563,3.633499891,57.23984358,5.333478166,1.439278731,0,12.0301977,3.46528973,26.41996558,43.20711417,26.90763052
168,2,54828,45.42022324,29.19858466,15.07441453,16.03560225,34.19238345,0.640183848,69.58670752,27.23790764,12.44198764,43.68344583,48.37462834,95.30936659,75.41208119,29043.57143,93.25803361,29.50892857,11.91551023,3.059689015,64.55442234,4.681491389,1.003176726,0,12.13286518,5.162836929,22.31772204,45.48324855,27.03619248
169,2,56086,47.35584638,28.91452412,13.97496701,15.74546233,42.11567949,1.050172949,65.77220697,44.50130157,16.1939189,31.19188807,38.0146617,95.2843055,73.52077214,41465,90.3639521,35.43547009,14.88288121,2.046106842,68.47977039,6.508656606,0.87954819,0,6.633645033,3.258070905,17.50841751,49.5147554,29.71875619
17,2,85630,46.04577835,29.87971505,10.12378839,48.46665888,33.8491183,3.164778699,18.34520612,16.19175523,40.60083685,29.18721953,32.88588454,79.54720145,66.35804626,66916.47368,89.03763307,30.03882353,12.5539635,1.705643987,54.24689462,14.41057287,0.405222873,0.264851551,15.76661281,4.722119074,22.23666295,53.72880307,19.3124149
170,0,26225,48.67111535,10.30314585,14.12392755,66.11630124,3.515729266,18.48617731,11.95805529,27.72163966,87.36505785,4.962347944,17.32320231,67.80508717,87.22492141,151930.5,78.49155549,21.6375,5.017521504,1.030052034,34.48019539,16.59764256,2.352129128,0,39.16321546,7.066462949,59.98217469,27.10720652,5.844155844
171,4,50759,48.55690616,17.40972044,25.74321795,28.09156997,1.47757048,58.54134242,15.14411237,60.60994109,29.24096167,14.7778133,41.43021158,53.18520993,31.20057913,69958.57143,92.90233019,34.25,33.98305457,10.66772027,35.27371702,6.980113262,0.280960534,0,12.53347381,4.011515409,28.74132805,38.08579924,29.16135731
172,1,23189,48.32894907,25.03773341,22.51067316,70.01164345,5.851912545,12.96304282,17.91366596,30.07460434,31.89383432,9.961603175,42.71030114,29.97461929,14.80964467,96169.5,93.45668263,27.10333333,51.44114873,9.600670789,27.97400692,6.393459805,0.848967613,0,1.823708207,3.683798007,30.94838204,31.07154854,34.29627141
173,2,56258,54.53091116,25.66746063,11.07220306,21.83689431,5.311244623,8.836076647,85.80290803,64.38906467,10.1943985,14.68523937,28.41018804,77.03592102,58.03663468,66583.23077,92.64312079,35.2152381,12.29946524,5.419121905,68.4287612,2.707857897,0.068122211,0.112401649,10.35457611,2.405125333,17.29449657,47.27979275,33.02058535
174,2,36349,47.34105477,25.9319376,12.34972076,27.92924152,18.00599741,12.89994223,60.10069053,42.87325649,23.38253435,27.73458037,33.90734641,95.84530558,66.1178846,42221.42857,88.55807224,30.79642857,18.93323246,3.568501356,59.09463464,5.743647941,1.588802724,0,10.66767543,6.775919732,19.73244147,37.45150502,36.04013378
175,1,31926,48.83793773,22.25458874,27.3789388,41.43644678,3.774353192,42.83969179,16.28766523,39.49132369,48.42293282,7.497018766,36.63826794,31.37988001,12.71193809,93026.66667,93.82998317,24.71666667,51.23244103,8.262655712,28.86297376,8.010866684,0.271667108,0.125894514,2.498012192,1.743139091,28.23597205,37.70798819,32.31290067
176,1,21333,49.97421835,19.0784231,27.17854966,82.57160268,0.975015235,8.104814138,13.32677073,16.91745184,32.54783614,7.083176868,37.74415716,28.63226453,14.70440882,104364.2,94.83206576,29.87,53.79135357,8.382941349,29.05240558,6.128623012,0.292768615,0,1.844442276,3.721800603,31.12589666,30.66846866,34.48383408
177,2,40043,48.97734935,24.75089279,16.62462852,11.06810179,71.13103414,1.198711385,22.2211123,27.70521689,23.1750019,27.34288864,42.5531234,81.80902498,67.33816814,51879.8,94.50116425,31.68,16.45977851,1.563831082,68.13922356,6.243154436,0.553730072,0,6.516976999,2.485721703,18.2113188,51.12279335,28.18016615
178,1,21177,49.3743212,31.63809794,22.58110214,85.17259291,2.795485668,5.227369316,8.820890589,29.38093214,40.32776602,17.66350711,39.3220563,56.23989416,35.35205057,72847,92.3065806,32.42222222,29.44457631,7.180156658,33.69333017,9.316401614,0.344172798,0,18.81082364,7.158748855,37.67831436,28.79204293,26.37089386
179,3,22149,47.78996794,13.95548332,18.05047632,53.33423631,8.149352115,15.12483634,28.98550725,35.59980135,55.09136881,15.62671546,29.83272802,83.75073371,59.79260419,86766,87.41485714,27.85,13.89650303,1.794168951,56.9897832,18.37361907,0.290721821,0.390397874,7.633524379,0.976900377,16.07815203,62.75567315,20.18927445
18,2,60003,48.97588454,26.74366282,13.6326517,9.696181858,15.21757245,3.913137676,79.04938086,43.17784111,13.68083316,27.7286284,35.02213262,96.08605004,71.68309325,41513.63636,92.29059568,32.14909091,12.57960466,3.605987925,67.02505996,7.517988587,1.583822678,0.095112067,7.37738814,4.20765516,17.42979789,41.35664461,37.00590234
180,4,25905,45.75564563,23.75603165,20.2895194,31.34530014,7.797722447,28.34587917,39.03107508,39.59467284,26.30419661,11.84073057,38.59657702,38.21546596,20.87243886,74632.83333,90.26158824,28.18333333,36.8861024,4.832810867,44.93207941,7.819575061,0.696621386,0,3.631138976,3.277914226,16.28566031,44.30379747,36.132628
181,3,70936,48.39855645,21.46018947,15.49283862,72.15518214,5.458441412,9.020807488,14.3608323,17.58345551,79.87854327,5.27635699,22.05556532,57.57638458,53.27953652,161849.3684,85.47921188,20.33684211,7.515039783,1.431205123,54.33485348,25.3565884,0.533669707,0.133417427,9.914127693,3.688537909,19.13164993,61.11923564,16.06057652
182,2,30824,49.22138593,24.179211,19.46210745,8.78211783,39.2973008,20.32507137,38.75551518,31.53386971,29.96876775,21.03923233,35.3290906,80.56711963,67.15890346,56112,91.74138901,25.89,18.5476173,2.437770761,65.34253616,5.301417138,1.710845143,0,6.659813496,1.876405366,13.94122664,38.56710863,45.61525936
183,4,14950,51.35785953,19.33779264,24.8361204,46.66220736,9.357859532,7.685618729,52.49498328,25.39799331,26.96907947,13.66267331,36.43454944,76.1095373,44.5860875,55571.66667,92.50774828,26.4,29.68796434,6.077265973,51.29271917,6.077265973,1.17384844,0,3.833580981,4.74608448,24.96440437,27.28998576,42.99952539
185,4,29648,48.50242849,20.61521856,20.58148948,38.64678899,16.25067458,8.961818672,47.61872639,28.53143551,33.84752022,12.55530025,34.59641624,74.19186653,41.86652763,69987.11111,92.65158247,28.18888889,29.12029489,3.927128376,52.62635571,6.415254838,0.446586801,0,7.251719005,2.45417361,25.20072716,33.35858203,38.98651719
186,0,4834,41.97352089,7.074886223,11.60529582,65.74265619,7.38518825,18.92842367,11.83285064,26.47910633,78.49270182,10.40920716,34.34744268,82.62931034,88.75,127887,68.32635983,19.4,3.93527032,2.280250092,41.63295329,22.06693637,1.176903273,0,27.54689224,9.721566777,59.46201038,28.31524304,2.501179802
187,1,19394,52.37186759,22.0480561,20.47024853,48.721254,22.96586573,6.904197174,33.90739404,24.93039084,30.33253445,14.89857172,41.69498045,35.12170889,19.80460341,70584.2,94.58593709,27.9,55.38975767,9.729019936,27.6113167,4.369105885,0.262623851,0.21487406,1.384743942,4.893271751,36.49981276,26.98789165,31.61902384
188,2,70466,44.95075639,17.46941788,21.37342832,22.1312406,64.58291942,2.913461811,9.285329095,40.4436182,36.82935599,16.14320515,34.29802127,81.11005325,66.88176593,60958.94737,89.68828377,28.70433437,13.09143269,2.240460763,63.78689705,10.95464363,1.670266379,0.109431246,7.809935205,2.228259112,14.53704602,53.71430419,29.52039067
189,3,24082,45.29108878,17.27431276,17.76015281,60.44763724,20.44680674,7.324973009,8.786645627,20.74578523,75.3478819,7.293051862,23.83429959,63.80707273,68.08693166,140777.3333,85.25129763,20.80833333,7.300342969,0.741933226,56.26793589,24.36480717,0.552950234,0,9.939105481,1.517675366,19.13751619,68.66555617,10.67925227
19,1,28325,51.11032657,18.5701677,29.05207414,24.61429832,11.41747573,43.95410415,21.02030009,46.12533098,40.625148,7.333404949,38.34647347,28.45577574,12.34896085,95679.66667,92.98058079,27.53333333,56.00605144,11.97428139,25.96822995,4.591527988,0.816944024,0,0.317700454,4.33679537,32.30793626,32.33964957,31.01561881
191,4,58755,47.39171134,18.22142796,25.95864182,8.698834142,43.60820356,19.14220066,20.94630244,49.25538252,26.82014725,7.160769495,36.5425639,27.08010951,19.99166766,88032.26316,93.53004641,31.05855263,46.71019945,6.639931862,35.26510043,6.998367521,0.904961317,0,2.303215274,2.423109212,25.59337556,34.88514081,37.09837442
192,4,20744,49.90840725,22.10277671,22.15098342,19.51407636,1.576359429,67.09892017,16.62167374,61.92634015,26.84369748,14.34237895,38.28774551,50.72242053,24.56229815,62638.6,92.39066771,33.51,34.72590393,14.01760153,36.51786661,6.372600997,0.265083236,0.445339837,5.365284699,3.725934315,23.59003398,39.33182333,33.35220838
193,2,10619,43.49750447,22.72342028,21.94180243,21.80996327,34.35351728,13.43817685,41.23740465,33.67548733,15.62115621,27.01886792,48.09585953,97.21275316,78.2835372,43416,90.64959697,26.7125,14.81184948,7.205764612,57.83293301,6.778756338,1.788097144,0,10.19482252,2.920125966,19.7537933,44.43172058,32.89436015
195,2,11071,40.2854304,23.13250836,16.03287869,31.09023575,42.67003884,3.504651793,31.48767049,19.88980219,31.08864909,38.64725563,41.52092971,92.00698843,69.05437869,86733.75,91.92020404,23.475,17.06006076,3.972890862,32.76466464,15.68123393,0,0,30.24071045,5.072062084,38.52549889,40.74279379,15.65964523
196,4,30274,46.70674506,17.54971262,26.16436546,43.4432186,4.165290348,37.39182136,18.89740371,56.63936051,52.44121419,11.64893617,36.38476386,55.22212646,45.42819086,78983.125,91.11604291,26.28125,23.02347545,3.285213168,52.23961144,13.78170534,1.281705343,0.202374528,5.275229358,3.348720757,18.06587904,45.90407636,32.68132384
197,4,65672,51.57905957,19.52887075,21.38506517,21.21452065,9.982945548,31.85984895,34.32208552,55.65537824,26.06509829,11.55139326,35.45078214,49.95351889,28.57767813,76714.58333,92.17330969,31.78,35.4510641,6.770669847,44.74229393,5.687739343,0.612091154,0.021972503,6.32494193,2.872262531,20.24895161,41.24342675,35.63535912
198,2,76657,49.814107,19.96034283,14.72924847,63.32363646,3.58871336,8.001878498,48.32826748,43.07890995,32.20484812,12.33059495,31.45780457,77.72650843,51.2141712,78534.05,92.36272133,27.305,19.9600594,2.539812586,59.26314711,8.607711608,0.322597163,0.033283834,8.661477802,2.101075751,13.57575078,58.00369789,26.31947557
20,2,28376,45.0873978,23.88990696,13.98717226,24.8590358,22.63180152,2.847476741,59.05342543,35.22342825,15.44977019,35.36897679,45.0064735,95.86162302,75.70858929,31237.6,88.28436965,31.7425,14.48003943,3.587974372,58.27501232,5.470675209,0.827994086,0,16.58945293,9.468196038,23.70177268,30.56308655,36.26694473
200,1,29288,45.47596285,18.3385687,34.33488118,65.18710735,9.795820814,4.257716471,25.70335974,19.89893472,61.01060512,6.037941646,46.03625157,47.89741818,29.48795441,103564.25,88.89387558,21.89375,36.80414877,5.550603679,34.77027794,13.45109797,0.753585609,0,6.636415201,7.939331523,26.59863309,30.10017789,35.3618575
201,1,23302,48.3864046,20.21714874,26.52562012,79.89442966,7.43712986,2.446141962,16.59085057,13.91296884,44.08858405,13.12564528,42.17736875,47.29839176,21.18477381,104098,91.46902962,23.86166667,54.90584737,5.530227948,25.06442022,4.172447968,0.624380575,0.148662042,8.28543112,5.471093184,22.17395801,35.5465922,36.8083566
202,3,12155,49.37062937,14.89921843,24.9938297,43.34018922,13.00699301,32.8589058,10.67050596,50.96668038,68.59605911,6.989247312,41.47694662,77.04517705,75.03052503,116203.6667,81.22010573,26.15833333,3.986882982,2.795995858,71.26337591,13.63479462,2.502588885,0,2.088367276,2.378097522,23.54116707,61.21103118,12.86970424
203,4,27192,46.80420712,20.61635775,22.67946455,8.546631362,77.96410709,4.994115916,9.841129744,39.02986172,30.15353122,8.782736997,35.56966522,33.36228288,16.61290323,104773,93.15662651,30.5,53.76006133,5.887313147,29.92717516,5.63434266,1.11920276,0,2.568033729,2.258326564,21.98212835,34.95532088,40.80422421
204,1,23466,53.54129379,23.81317651,25.19389755,91.16168073,0.063922271,2.488707066,7.900792636,12.31569079,36.37474791,6.30453379,40.53177691,15.79608237,5.374183827,105659.75,96.16741225,28.5625,65.12760569,7.841418274,17.90375998,7.490746152,0,0,1.383206702,3.148362641,29.5777614,29.37769822,37.89617774
205,4,57388,45.32306406,20.27078832,21.78155712,2.355893218,83.3118422,2.763643967,7.208824144,38.51676309,23.50790514,8.937406462,36.6343152,27.07559237,20.10720595,89472.54545,94.3753076,31.76363636,46.60848431,5.100162027,37.60863161,6.539991162,1.623950508,0.069966122,2.117395787,2.872340426,21.16233255,39.70843184,36.25689519
206,4,32771,46.1719203,22.20560862,20.4815233,46.355009,32.87357725,6.060236184,35.45207653,25.05568948,30.56415244,18.37747317,39.73640358,58.70662974,35.429223,68872.90909,93.46080188,29.12954545,41.04839828,7.363749827,37.22784635,7.259742061,0.374427957,0,5.110248232,5.846728972,31.82056075,23.99252336,38.34018692
208,1,49408,49.63973446,22.16442681,19.87532383,49.01635363,14.14143459,7.284245466,50.3015706,18.73988018,24.77841541,14.41430074,39.83014541,48.08781456,24.93139487,77232.42857,92.17084768,29.41785714,50.24392489,6.420287187,30.94164212,4.864690722,1.376104566,0.087444772,4.703608247,5.85361134,31.62885201,32.02070534,30.49683131
209,3,7749,40.43102336,18.84114079,32.99780617,61.71118854,5.54910311,22.09317331,4.86514389,26.70021938,61.28693828,8.11843362,37.31205891,46.88749286,76.07081668,109832,87.83398184,17.15,4.454101032,0.92341119,53.99239544,21.07550244,0.787615426,0,18.19663227,3.957329663,55.19614591,35.71920165,5.12732278
21,4,69472,48.36624827,22.86964532,21.47915707,41.30153155,1.534431138,42.39117918,13.40252188,55.20929295,31.88930983,17.99979805,37.53395686,61.95779075,39.91468343,66932.11111,91.5870148,29.20833333,21.34513507,6.95929716,54.15419039,8.782205258,0.184265078,0.138198809,7.903655688,2.647716615,20.67671885,38.18627805,38.48928649
210,4,56861,49.25520128,20.18782645,28.81060833,63.56201966,7.106804312,21.5033151,9.013207647,49.18661297,39.58831977,14.35332344,41.79030449,46.10512983,38.33800778,72168.13333,92.63422729,26.75785714,32.20819168,5.929253683,43.21272462,10.49052938,0.291403594,0.206410879,6.860126275,4.010671007,23.44004341,30.98209441,41.56719117
211,0,7125,51.18596491,9.445614035,25.06666667,82.84912281,1.122807018,11.56491228,8.435087719,25.13684211,88.68824532,8.736634778,22.5388601,71.12183353,77.20144753,128851.5,85.77871741,18.925,2.305358948,1.132457027,48.08897877,24.63094034,3.397371082,0,19.29221436,3.729541186,60.15562114,31.60719077,4.507646901
212,2,36549,48.69079865,27.34137733,16.4874552,8.870283729,26.61085119,11.31631508,59.71982818,40.82191031,14.15650975,32.65672963,49.88928818,85.2634302,63.74062257,38037.33333,93.62033917,33.28888889,22.60093498,3.501912452,58.42753931,5.482362941,1.512962176,0,7.785805355,3.920863309,21.72661871,36.31294964,38.03956835
213,2,55968,46.33183248,24.07447113,23.02387078,22.72727273,39.01515152,1.318610635,62.81803888,20.58319039,20.91694424,23.34129224,44.87545203,71.66211228,47.73958483,51179.75,96.07708934,27.71314103,38.12152155,2.888551585,47.57370866,3.629087898,1.366082517,0,5.786302378,2.104810997,23.99293624,38.48319969,35.41905307
214,1,27086,50.52794802,21.23606291,23.5915233,70.49398213,5.870191243,16.85003323,14.43919368,34.54552167,30.68199553,8.327688718,40.72849182,33.64887177,14.38635113,83673,94.03966132,29.34833333,47.21037223,13.60100376,26.82559598,3.053115851,0.158929318,0,8.690924299,11.96721311,25.57377049,27.9119931,34.5470233
215,4,47408,46.17786028,25.10124873,18.90398245,3.729328383,59.38871077,15.15566993,13.32053662,40.24426257,17.71283109,13.16821816,36.45529246,52.17113155,33.1307477,76272.6,93.09438879,29.42333333,40.28384841,6.787679334,44.12505785,4.751375534,0.653057027,0,3.008176068,1.587215894,25.51962425,35.31285429,37.58030557
216,4,86560,50.39510166,19.26409427,21.35743993,10.69316081,20.25415896,33.19662662,22.09219039,54.95147874,20.16171899,9.748318256,37.48413993,32.14977696,20.56504303,86914.16,94.46974931,29.696,44.79034149,7.685399985,37.84579311,5.200927935,0.563745666,0.024944498,3.225323655,2.839174824,18.74539522,43.34017472,35.07525524
217,2,34126,50.35749868,49.22346598,15.14094825,87.62527105,4.448221298,0.260798218,9.415108715,12.2809588,14.36071009,52.82974398,50.39194915,85.54465043,70.70156307,29891.28571,94.84900698,37.85,13.38488995,5.841760857,21.93932183,8.709101725,1.570493754,0,47.86436645,15.10491333,51.8832269,20.20070377,12.811156
218,4,27784,41.79023899,21.68514253,23.51353297,3.214080046,86.6325943,1.112150878,7.74906421,28.71436798,23.45804873,8.917864625,37.60858912,64.9295645,33.68013995,67242.6,94.96549219,23.82,45.14281168,4.057602037,44.67340282,3.086959981,1.368446177,0,0.628530512,2.80765126,18.75051309,39.41384123,39.02799442
219,4,23684,46.22952204,22.46242189,20.33862523,4.496706637,83.97652424,1.988684344,9.267860159,40.27191353,23.9695035,8.931996513,35.93234762,34.43229334,13.28401415,96126.4,90.97973553,28.34,50,5.795496493,33.25027685,7.355112588,0.784422296,0,1.836471023,2.828967029,22.21336787,40.5916924,34.36597271
22,4,93579,49.64041078,21.0656237,22.57985232,42.53197833,0.945725002,39.93096742,18.16219451,55.9569989,30.35749258,17.41156169,39.32670136,66.22663326,43.8620158,60341.23077,90.41622152,31.41923077,20.95734127,7.152777778,51.28224206,7.482638889,0.491071429,0,12.17509921,3.986274562,22.26898641,38.31327239,35.43146664
220,4,32720,46.32334963,20.81601467,29.51711491,55.32090465,11.56173594,5.082518337,40.84046455,26.27139364,50.62041972,15.55795012,40.55675003,56.29707849,36.95177754,82197.44444,88.29727887,23.18333333,28.85112929,3.482273967,46.2135515,12.35577932,1.671211803,0.062932662,6.538004335,3.35886389,22.9854795,38.02457316,35.63108345
221,4,27503,47.9402247,20.8922663,23.1720176,49.52914228,21.34676217,14.0748282,25.02999673,32.78187834,29.67044179,19.5920798,42.54342984,54.01339416,31.41803358,63731.28571,90.3850369,30.1125,42.26415094,5.89193825,40.77186964,5.343053173,0.240137221,0.25728988,4.36535163,6.614116155,26.00344296,33.27897073,34.10347015
222,2,12925,41.88781431,17.88007737,37.0754352,20.93617021,64.40232108,3.32688588,14.63829787,32.98259188,18.85539629,26.75814751,55.36438159,98.30663616,68.26849733,29636,96.83539383,40.95,22.85780454,3.01065308,51.50532654,5.604446503,0.926354794,0,12.96896711,6.575073602,19.03827282,19.01373896,55.37291462
223,3,48555,49.84862527,15.66882916,19.53454845,72.76902482,3.612398311,9.280197714,20.2965709,33.77613016,51.51539048,9.38556701,30.49456483,69.2172837,41.68815097,92216.9375,88.97251445,26.515625,19.38904218,3.705163579,55.32912889,14.61568782,0.386283011,0.260149783,5.802128498,2.84368941,17.60225279,56.85070631,22.70335149
225,2,75592,45.90300561,19.60524923,17.00973648,18.15800614,62.65080961,3.201396973,17.27960631,20.62652133,39.34947918,22.49369608,35.81640331,72.35886955,59.79984495,63671.94444,89.41346115,27.12973856,17.09874826,3.173852573,59.88317107,10.78164117,1.746870654,0,6.439499305,2.042152522,17.20396583,54.15289643,26.60098522
226,3,49972,50.8824942,16.90546706,18.58240615,49.15752822,2.70951733,27.51941087,34.51132634,48.3510766,43.8778145,10.38777529,30.63131075,77.48452421,55.18498968,71574.64286,90.95252495,25.3802381,15.13185041,3.199669905,61.07881016,10.57053903,0.877752354,0.082523726,8.331145204,2.936118451,24.62983935,57.40950463,15.02453756
227,4,65133,48.52686042,25.94537331,16.98678089,21.12600372,2.969308952,53.65329403,29.08049683,56.32628621,20.65107045,23.61606451,35.65093792,74.66214426,64.92129949,55483.61905,92.80600121,33.43809524,12.80809699,9.651581898,49.59769906,7.15039866,0.393199112,0.356791787,18.40026213,2.027212485,23.06395326,42.06563934,32.84319492
228,2,54812,53.11428154,23.81777713,14.28701744,42.86287674,4.825585638,15.35795081,57.98912647,40.79398672,31.07641178,18.71185536,34.67605176,74.40028858,61.81085793,66466.57143,89.52248751,28.26071429,12.17683047,4.736530491,56.7041642,9.484902309,0.457864614,0.296033156,15.14110914,3.008895866,24.18018489,48.55660213,24.25431711
229,0,29086,44.11400674,10.46551606,40.55559376,85.00997043,0.832015403,9.56130097,8.162002338,19.53517156,82.69645546,6.244318579,33.28614608,47.12418713,71.9111055,166144.8333,84.67873084,18.85833333,6.052506534,2.007602756,26.05725826,23.40817296,5.01900689,0,35.49536707,6.917409849,54.49398992,30.88018612,7.708414114
23,1,43668,46.2146194,24.16872767,24.18704772,67.38343867,3.375469451,18.6429422,14.48658056,26.77017496,37.27245298,10.69056797,40.40442468,24.61092247,10.07357102,92258.8,92.45553246,27.635,56.84449849,10.6170359,21.82625707,8.042087453,0.084597896,0,1.649658965,4.364075437,36.60303588,29.04783809,29.9850506
230,0,6359,54.9142947,6.085862557,24.68941657,52.49253027,13.61849347,20.69507784,17.18823714,36.40509514,63.20244957,17.03645008,31.04418335,92.25703906,88.1017257,90824.33333,70.89209317,21.84166667,4.975509152,2.345965455,36.65893271,15.54524362,3.274039701,0,36.78783192,9.157509158,61.996337,20.75702076,8.089133089
231,0,22540,48.50044366,19.52085182,15.19964508,72.60869565,4.884649512,15.71872227,10.49245785,22.40017746,87.14473932,3.73945642,28.11721374,60.54175109,68.04948278,221058,77.23017373,18.4625,4.281734978,0.477516912,43.13569439,21.9896538,3.923597294,0,23.88380422,6.151805754,56.47826974,32.63619669,4.733727811
232,2,44661,49.84214415,16.2669891,30.43818992,33.98266944,11.71491906,26.02942164,37.02111462,31.06737422,32.95378041,32.55519935,50.34242082,78.33043478,80.86459627,49650.88889,94.26681367,21.13888889,6.913126038,2.510087823,52.01756468,10.71682886,0.836695941,0,26.54877759,2.631928752,34.00239266,48.99641101,14.36926758
233,0,18925,47.4663144,6.742404227,23.51387054,69.33157199,2.837516513,21.03038309,5.062087186,35.11756935,85.7781134,8.073976222,21.89051919,68.54992292,79.47764578,139731,76.23047293,21.6,6.162443543,1.324351221,31.63132512,19.79637143,1.898491924,0,38.53632397,5.201870765,51.37921161,37.11940441,6.299513219
234,0,16312,50.64982835,11.2432565,18.55689063,66.22118686,5.35188818,16.6196665,11.46395292,25.38008828,82.45097279,10.6773375,26.6543741,62.40808824,78.49264706,157870.75,78.80313199,18.0625,6.900584795,0.331384016,40.06822612,21.35477583,2.894736842,0.467836257,26.73489279,7.931590036,56.22753749,29.33449002,6.506382451
235,2,57208,47.96531954,27.37379387,14.70074116,11.12431828,32.45000699,2.309117606,69.17214376,41.71794155,15.13227513,33.95197855,39.07238878,93.6762575,71.41896088,35658,93.62807917,34.13269231,17.11821,4.308756796,61.26611852,7.763849575,2.084737386,0,7.071932426,2.430707779,18.90496371,40.56213162,38.10219689
236,0,36286,44.97326793,17.47505925,33.92217384,85.64460122,0.567712065,6.404673979,7.738521744,19.8671664,86.46017699,4.368824248,34.5077551,44.19338189,60.44044274,186529,88.58436077,20.46875,5.784413771,3.281594071,44.01954992,22.99801278,5.118427413,0,17.26193673,6.619236939,43.87249773,46.08356002,3.424705308
237,0,18624,45.1782646,16.85459622,42.17139175,88.60073024,1.079252577,5.278135739,6.905068729,17.16602234,81.67730779,5.844434895,42.69591681,31.60837627,59.88378467,198205.5,85.53442127,17.35833333,11.79008746,4.688046647,32.02332362,18.85714286,6.274052478,0,25.14285714,9.068697902,55.96435757,28.88761138,6.079333142
238,3,56834,44.19537601,17.70067213,28.45127916,73.18506528,5.410493719,5.950663335,17.26959215,18.77397333,77.81635287,7.131576613,32.79065354,63.9538438,72.5622803,122446,86.89883617,19.81666667,4.769469984,1.14588967,53.90751758,24.46254732,2.29177934,0.158869659,10.22850189,1.467758536,37.59788786,50.94643576,9.987917841
239,3,46017,45.43755569,17.47832323,25.25153748,85.4792794,1.74283417,5.5762001,8.279548862,20.23382663,82.88753799,8.625395786,29.31619724,60.08332189,70.8739642,158973.6667,82.51653011,19.525,5.591911909,1.414632235,51.83196834,25.21650535,2.319840119,0.423214076,12.7708766,4.28107315,37.73317963,51.94403689,6.041710333
24,3,18380,45.36996736,10.73449402,25.47878128,45.7508161,19.02067465,13.66702938,26.76822633,28.14472252,60.58217962,14.86366166,33.13053431,72.89719626,80.36048064,89360.5,82.90048014,23.55,4.109994086,2.483737433,55.76581904,17.41573034,1.81352257,0,18.22393061,6.134383578,27.66439909,55.00656403,11.1946533
240,2,6067,46.11834515,30.16317785,22.46579858,20.07582001,27.92154277,1.302126257,61.23289929,32.42129553,15.24560957,42.33215548,46.09849337,91.05403012,70.72630647,30075,90.97118108,31.7,27.03196347,5.844748858,47.62557078,5.433789954,0,0,10.77625571,0.724287784,26.60550459,47.70642202,24.96378561
241,2,50466,46.50259581,24.15883961,21.22815361,22.75393334,22.15154758,3.360678477,69.60924187,43.86319502,23.21129738,24.46486268,37.30961898,84.08469579,65.18895738,45643.2,91.24093409,26.52357143,16.59184349,3.591512688,61.57553991,7.107414583,0.982940315,0.089787817,8.345541326,2.446965458,20.76613929,38.49519255,38.2917027
242,4,29551,49.83249298,24.87902271,17.95539914,34.48952658,13.31596223,9.806774728,52.29941457,30.91604345,24.52036524,18.41569115,37.51413412,66.08303628,39.42126232,60039.54545,94.24810613,33.85454545,30.56147832,3.97220248,45.04461818,6.894100924,2.26644555,0,10.61359867,5.470737913,29.18575064,32.04410517,33.29940628
243,2,74619,50.68280197,16.69279942,21.76389391,36.45318217,6.848121792,2.878623407,63.73711789,43.22491591,40.58157626,15.64378274,32.8737369,84.70826459,74.38128094,74145.63636,86.90117026,22.59829545,7.082176802,4.49435052,63.52090167,11.96624331,0.513079317,0,11.59895702,5.745405905,20.55160992,48.09070353,25.61228065
244,2,91454,49.00168391,14.43020535,20.17298314,25.13394712,14.49471866,3.949526538,69.56940101,47.29481488,34.18585073,18.7148077,34.30749205,90.75976662,80.47628108,57901.16667,87.97074591,25.21333333,7.932544996,3.261535668,63.79854286,9.73467396,0.512948546,0.133911346,13.69300256,5.546894644,21.69725924,50.16846869,22.58737742
245,1,17943,48.38655743,20.18057181,23.64153152,65.44056178,11.10739564,4.291367107,22.05316837,18.34698768,46.64494609,9.659676865,39.18261217,32.25857687,14.54891995,108456.8,93.18847107,25.32,51.30970724,6.542609932,24.47552448,7.502666825,0,0,8.557544151,10.53305997,37.37826756,21.24551512,30.84315736
246,0,10731,57.7019849,12.35672351,7.464355605,62.65026559,8.489423167,17.0533967,15.70217128,29.39148262,84.44091631,5.744442369,12.61280391,96.07723886,84.58263646,164300,75.86530344,22.775,4.420809841,2.601230138,34.70015377,23.93644285,6.073808303,0,26.76832394,4.194743935,55.00336927,30.20552561,10.59636119
247,2,41341,48.42892044,26.56442757,12.83471614,18.8940761,26.37575288,2.196366803,71.67218984,42.99847609,13.84644694,33.00150903,39.10459087,96.48075302,80.94268053,39069.57143,93.32909162,35.51785714,9.948779753,2.054835794,70.6056041,4.200060259,1.138897258,0,11.32871347,3.176500189,16.71908416,51.35237137,28.75204428
248,2,34649,48.84989466,24.91558198,18.52001501,10.05512425,26.47406852,4.764928281,67.09861756,39.72409016,14.57051111,28.44567987,44.52587164,84.05094495,63.15529992,41090.85714,95.21404663,34.85,18.63377901,4.963885047,61.74120178,7.130782235,0.699246965,0,6.523743661,2.672513652,18.76551382,42.67747807,35.88449446
249,0,21754,48.97490117,6.247126965,20.73181944,83.18010481,2.068585088,5.966718764,9.73614048,17.04054427,83.78364254,6.914819462,20.63175314,71.84746278,85.41476755,144138.75,83.51408973,18.225,3.331130205,0.779907469,49.5042961,20.08592201,2.41903503,0,21.9365499,3.85410636,66.08220991,26.39153089,3.672152841
25,3,25583,46.39799867,20.43935426,13.70441309,57.81573701,18.74291522,10.01446273,15.17804792,18.86799828,68.42437971,15.56673454,27.71246868,76.92590212,70.84748875,130237.875,81.23174197,21.325,6.753493817,1.375576205,57.13031389,18.56296188,1.207287627,0,13.46308627,4.025157233,30.91644205,56.13656783,8.921832884
250,4,28231,49.28270341,23.14122773,19.87177217,21.10091743,19.48212957,15.39088236,56.9196982,36.64057242,19.51734699,19.51369764,41.43389199,72.01086957,41.48913043,55987.42857,91.24360913,33.17857143,31.76760384,5.750445936,49.07839973,5.657011807,0.976811348,0.552110762,5.597553725,2.583956064,22.00414153,37.08472135,38.32718106
251,1,25939,51.10065924,22.37171826,22.64929257,76.2249894,3.037896604,11.70823856,16.1609931,19.01384016,34.48657013,5.804779952,42.05931198,24.12955466,9.381145171,113579.2857,93.74561061,25.76428571,58.92465573,8.788702745,20.50697307,9.078151039,0.263134813,0,1.798087887,6.74319892,35.32703068,30.54215705,27.38761335
252,1,35166,48.34783598,19.87999773,31.98259683,62.92441563,0.622760621,23.57106296,15.58039015,35.93812205,35.7878555,8.219178082,43.55032842,29.93713773,10.65393093,90240.75,93.20259934,30.26875,59.48240728,11.22809401,18.53688358,8.837114522,0.067925554,0.047547888,1.310963184,5.096490574,34.4981745,34.7291558,25.67617912
254,4,68051,44.99566502,24.70353118,17.64558934,9.467899076,64.24299422,1.420993079,32.34045054,37.75403741,19.53400589,20.71720854,38.74276449,68.26313747,47.95447687,53182.05,90.38510167,32.755,33.07223983,7.298750312,49.27190515,4.578630683,0.964859188,0.099690248,4.478940435,4.014775568,24.82370061,33.78978396,37.37173986
255,3,25170,51.52562574,11.33492253,5.65355582,68.28367104,3.325387366,11.12435439,18.71672626,27.25864124,80.331629,8.403929523,11.15573405,79.00192864,63.27547412,154507.8333,76.44614764,20.225,7.88972378,1.058313049,57.74685152,22.0922849,0.920732353,0,9.196740396,3.015689737,28.61509203,64.06982273,4.299395504
256,3,38146,49.52550726,22.41912651,13.220259,60.24484874,6.147433545,5.707020395,37.21753264,22.67865569,47.6622444,20.61836713,29.16693977,86.78933223,69.12686927,86840.28571,84.48675276,25.04880952,8.155974072,3.572704537,53.01893533,16.7815036,0.372582045,0.1684275,17.00096973,5.010732904,30.54891138,53.4007973,11.03955842
257,3,24013,48.80689626,23.76212885,20.32232541,75.82559447,5.463707159,9.099237913,12.04764086,20.15574897,67.50155131,7.771242648,26.98998983,54.0925637,41.6224649,122887.5,90.88658583,22.1125,10.68328862,3.724159697,57.5745621,16.56146442,0.323496923,0,11.0699069,3.14893617,16.86997636,57.00236407,22.9787234
258,4,62040,51.73275306,21.6827853,18.53803997,29.71147647,6.255641522,22.72727273,55.79626048,49.59219858,25.61015676,11.65527162,36.35547934,50.46862024,30.25863092,79789.55,92.39190552,29.895,27.66391281,5.835823519,53.89347864,6.373703639,0.864826859,0.147653366,4.97099666,1.70096125,18.10603785,38.58891559,41.60408531
259,4,46965,45.81283935,18.41158309,23.65591398,20.09581603,58.2753114,4.275524327,19.20579155,46.15777707,30.3228634,12.97102537,38.01682026,51.143591,33.89187867,78934.57143,87.31136632,28.53214286,36.4634816,9.541460736,42.22039173,5.564708036,1.642870218,0,3.67929709,3.993021903,26.24539639,37.85132778,31.91025393
26,2,105444,51.18546337,43.8213649,14.81544706,78.85323015,1.175031296,11.68866887,8.565684155,22.00789044,21.52328525,32.79010689,44.34201758,68.08224595,52.72439699,52322.46429,94.46607369,39.52678571,21.34156089,8.332001151,27.99181507,7.708539822,0.770534258,0.179045305,32.72692394,9.201136285,38.69950807,32.26286981,19.83648583
260,4,44354,47.77923073,17.73909907,22.37904135,37.3968526,1.030346756,40.0257023,35.8434414,59.16715516,31.29073933,7.190924385,35.0057286,66.01819705,46.48030648,72588.91667,94.43065644,27.19583333,16.3633972,5.85785066,62.51589424,5.305388696,0.662077432,0.162230894,8.519314246,2.977265361,27.64735843,53.75746631,15.61790989
261,0,4844,45.70602808,8.691164327,3.096614368,63.7283237,7.184145334,22.83236994,5.677126342,28.88109001,90.66451439,8.835672998,18.58467104,82.14562355,84.19829589,193065,74.8174421,22.35,2.180496669,1.090248334,51.78679588,21.38098122,0,0,23.56147789,6.201848998,47.91987673,33.05084746,12.82742681
262,3,36375,40.38487973,14.93333333,28.55532646,78.4742268,4.164948454,8.516838488,12.4838488,19.53539519,77.90418751,6.782130584,29.3550447,67.28367775,68.26721185,146465.8571,88.3024093,20.06428571,8.162391128,3.003188806,50.22131265,15.13968873,5.244871734,0,16.69601637,1.138530566,31.03196859,57.86876052,9.960740325
263,3,44100,45.19047619,10.36734694,23.91156463,78.25623583,4.371882086,10.21088435,8.249433107,24.138322,77.21273927,7.180863263,28.55463572,74.47839831,77.71970495,117252.5714,78.60576923,21.1,4.964304114,1.218076102,59.28829028,17.0015456,1.924633841,0,14.32987414,2.961780615,37.36809435,51.17052408,8.499600958
27,1,3795,48.01054018,19.84189723,30.56653491,98.18181818,0.23715415,0.527009223,5.480895916,2.819499341,51.07913669,3.899868248,46.94075753,3.118355776,10.55988661,113047,90.1119403,16.35,66.43132221,9.884467266,12.64441592,7.637997433,0,0,3.401797176,4.656011119,21.12578179,41.00069493,33.21751216
28,4,44401,51.19254071,21.44996734,21.41393212,22.96569897,14.3082363,36.2852188,23.76297831,54.20373415,40.4583044,14.36964954,34.90358593,60.42481457,36.81051922,78379.81818,89.97646629,29.45454545,33.47376672,2.385734581,45.03992554,10.20918042,0.852397982,0,7.377651497,4.315565497,24.57853675,38.5945769,32.51132086
29,4,35653,47.12085939,18.2340897,32.67607214,71.72187474,1.245336998,10.56292598,11.27815331,68.21024879,49.38887223,22.28857693,45.54717614,69.93054151,58.43954414,50825.66667,92.67209474,32.21666667,21.41533166,3.144445916,49.16589435,8.599232093,0,0,16.9535284,2.57840226,23.85746361,39.05265445,34.51147968
3,4,31980,47.81738587,20.99749844,26.10381488,26.84177611,37.50781739,9.499687305,35.01563477,37.20137586,31.09534368,12.69352918,43.32014607,44.51231928,26.51191203,86039.45455,91.46837278,29.78181818,45.99236641,6.60598943,37.47064005,4.844392249,0.381679389,0,4.264533177,3.787411293,30.30700401,34.67294045,31.23264425
30,1,2429,49.85590778,22.43721696,28.20090572,86.53766982,2.058460272,9.551255661,10.99217785,19.43186497,36.15209989,11.74289246,44.47900467,21.875,7.254464286,91029,97.34329597,35.1,76.4122894,2.180376611,12.4876115,6.541129832,0,0,1.684836472,2.545068929,34.99469777,37.64581124,24.81442206
32,2,38175,47.60969221,24.50294695,19.52586771,22.83431565,30.37066143,5.904387688,51.55206287,35.25605763,20.25252721,24.58482405,40.0903178,83.69073382,59.76785363,42323.6,90.99388011,30.6725,22.90342012,3.727996787,60.43102871,3.667759855,0.916939964,0,7.857573121,2.973667755,23.95608977,32.86319739,40.20704509
33,3,24775,46.4863774,16.83148335,20.419778,78.54288597,5.537840565,7.51160444,6.950554995,13.00100908,86.44631647,3.980947387,26.34593356,52.08737455,65.11765202,166106.6667,79.3130399,18.54166667,3.984780353,1.00311311,53.45555171,25.20927015,0.996195088,0,14.63161536,6.493386366,34.02090463,51.76209416,7.723614837
35,2,52229,40.79534358,20.86197323,21.21809723,8.257864405,74.35907255,1.441727776,22.22520056,27.84851328,12.48430445,37.49951847,47.13709677,87.20287452,77.11903446,29738,89.50887666,32.75848485,13.71384451,3.468551405,68.83649106,4.014967037,2.482627546,0,6.479776682,4.5665491,11.84951426,43.93292494,39.65101169
36,2,57669,50.17253637,17.73049645,11.95789766,31.6374482,12.31164057,6.081256828,59.24500165,33.36107788,36.59845119,24.27059397,30.87086468,88.35757789,67.5290683,67083.23077,87.89441482,35.17403846,12.06492746,2.312796825,62.25034155,12.02589292,0.618046972,0.104092122,9.553705029,4.573858384,17.70012941,56.00665557,21.71935663
37,2,78326,48.06194622,18.22511044,14.79585323,32.52432143,27.35234788,4.70980262,47.22697444,26.10627378,32.56219271,24.38035613,32.07705576,83.83076083,65.95751946,63711,87.42165884,32.88128019,13.21108252,3.065430834,64.608889,9.368676144,0.394733555,0.129912309,8.734104479,2.108774154,16.06251895,56.12647132,25.70223558
38,4,21653,46.4831663,16.72285596,29.02600102,4.387382811,88.65284256,0.563432319,5.837528287,41.24601672,33.73486609,5.256582296,37.54315926,13.81538462,13.84615385,107843.5,94.37343707,25.26367521,51.75969726,6.404919584,34.34247871,5.45884579,0.170293283,0,1.608325449,1.891323927,23.56649655,37.19603723,37.3461423
39,4,90185,44.46859234,23.27548927,21.75195432,5.722681155,82.47158618,2.501524644,8.738703776,43.97737983,28.91673692,13.00081675,39.39000739,51.34031841,34.01483195,79134.84848,95.80494801,30.57258065,33.73377588,6.504508075,51.63975032,4.13157634,0.426037848,0,2.989695829,1.8938611,15.67538239,39.02439024,43.40636627
4,2,26159,48.46133262,14.35834703,20.68886425,36.2284491,12.75278107,15.37520547,40.51760388,27.62720287,38.56238251,31.81678922,46.36908145,90.42571527,82.86797656,51459,90.56618268,22.8,5.841409692,0.696035242,50.44052863,13.27753304,1.982378855,0.440528634,26.66960352,2.489078533,30.07213248,53.92664838,13.51214061
40,3,19614,51.136943,24.11032936,12.83267054,80.0907515,2.518609157,6.061996533,11.00234526,16.43723871,79.76405274,5.022179167,16.65466448,59.79809976,52.79097387,161216,87.52291656,19.4875,3.522776573,1.90021692,50.21258134,21.68329718,2.290672451,0,19.99132321,7.777531575,20.14181254,58.85220474,13.22845114
41,3,50774,47.0181589,18.93685745,15.27750423,27.8095088,49.39339032,5.575688344,18.93291842,25.80651515,51.62033935,18.83056452,30.6435526,80.99317627,72.96906908,68395.8,89.15374497,23.025,6.967991951,1.676789507,64.19495473,14.26388941,1.438312777,0,10.33647576,4.446086314,25.0901821,60.32856708,10.1351645
42,2,86806,46.73409672,20.8395733,18.04253162,16.45623574,59.73780614,2.750961915,25.8979794,21.9328157,37.07128283,25.10076909,37.66669973,87.05398235,78.11197141,57003.25,90.83206453,24.10384615,9.181186951,1.396567536,66.52954277,12.36735229,0.953753439,0.047163632,8.898205162,3.534160562,19.33921363,60.2900284,16.8365974
44,1,23865,48.87492143,22.96249738,21.81018228,92.34024722,0.641106223,2.723653886,10.38340666,15.80138278,38.12296941,5.665995638,38.80589191,22.38010657,6.21669627,121855.25,94.78378493,28,63.78142271,6.863968622,20.11053664,5.865573186,0,0,2.326617935,7.528409091,28.25757576,26.8655303,37.34848485
45,4,21381,53.56157336,13.1892802,33.1041579,14.67190496,11.5616669,65.09050091,10.31757168,49.6328516,27.99242207,34.59900817,58.27786582,89.96826117,84.17592383,46324,86.64192078,34.59333333,5.260837619,7.509184423,41.05804555,7.62674504,1.587068332,0,36.95811903,6.347438753,36.71651289,49.02958956,7.906458797
46,1,4417,51.18858954,14.42155309,28.20919176,76.95268282,0.701833824,1.969662667,26.87344351,21.48517093,47.90502793,6.158025809,34.78835979,32.94177732,10.36772217,118972,92.25658648,27.3,47.5305845,9.877661985,26.05346624,6.751246035,0,0,9.787041232,11.56462585,20.65111759,20.94266278,46.84159378
47,2,33959,45.29285315,30.43670308,13.17765541,9.944344651,54.89560941,0.371035661,51.95382667,22.59783857,10.35362555,44.50277486,46.96750322,97.05657167,77.33730328,31047.75,92.17749451,36.06875,18.92973476,2.140530479,58.95765472,4.727780363,2.177757096,0.204746394,12.39646347,3.301748559,22.24284458,38.0677933,36.38761356
48,0,35291,55.73375648,4.587571902,23.6660905,66.50704146,4.904933269,16.02958261,19.59423082,29.37859511,72.13978599,12.02937174,27.22619963,81.28839982,88.46400734,95901.66667,78.40077455,22.115,4.446112411,0.256081946,43.98428187,14.89248973,2.446024107,0,32.23100358,7.096908072,53.20605935,32.91139241,6.785640174
49,3,41307,44.91490546,18.89510252,13.37545694,55.27150362,26.66376159,6.221705764,13.63207205,16.86154889,69.14719706,14.88540958,26.41243353,62.91413309,63.0391544,108186.3,81.44276394,25.14,8.289203029,1.59306753,55.57354808,17.30491488,0.520810539,0.118167097,14.74900433,4.281555967,22.48743054,58.07885684,15.15215666
5,1,27876,49.77399914,23.31396183,21.81805137,84.19787631,0.538097288,8.519873727,14.52145215,15.62993256,36.30536437,4.122970838,37.95676556,15.18433432,5.272946067,100705.6667,93.28212189,25.75833333,70.36569987,7.116960908,16.09394704,5.40668348,0.212799496,0,0.220680958,1.441426429,35.47742043,31.12814531,31.95300783
50,0,19878,50.55337559,9.965791327,17.17476607,54.25093068,7.485662542,21.13894758,22.74373679,35.95432136,66.59169655,17.57269279,27.19769567,88.95519729,82.98744099,85614.66667,76.14493194,20.7625,5.630405855,1.081170991,36.36061211,16.25914837,4.407850965,0,32.64304724,6.326348197,40.4012315,45.39676234,7.87565796
51,4,48203,45.0511379,17.17735411,31.67645167,10.59892538,64.41300334,2.091156152,30.58730784,26.75144701,26.20440993,12.91721504,45.06747953,59.09276665,42.99141806,56294,95.54466799,20.06666667,27.36336032,4.397773279,52.93016194,6.042510121,1.148785425,0,8.031376518,2.100614026,19.37951093,31.16988043,47.34999461
52,3,10549,49.48336335,23.60413309,17.92586975,76.68973362,8.948715518,5.545549341,6.569343066,13.93497014,82.47619048,5.193010169,23.74847375,59.83333333,49.5952381,167779.3333,84.61982121,20.36666667,6.61227265,0.594934557,51.87829339,25.29321775,0.577936427,0,13.71749108,4.118316268,28.16837315,59.88623436,7.827076223
53,4,27296,51.21629543,23.77271395,24.15372216,28.21658851,2.579132474,31.12177608,42.87807737,47.25967175,21.13919395,10.56612251,39.34044436,50.68103021,16.85240218,75692.5,93.17916902,36.04166667,49.53430744,9.929078014,32.53012048,3.605913014,0.170896351,0,3.648637102,2.810034571,28.96019856,31.77023314,36.45953373
54,3,4879,48.16560771,28.7353966,10.78089772,69.54293913,3.422832548,5.841360935,12.70752203,14.96208239,83.66485835,5.44442153,17.41861793,56.83646113,43.43163539,139480,88.78951747,22.425,9.020044543,0.927988122,48.32962138,24.20193022,1.893095768,0,13.25167038,3.281096964,20.91087169,64.25073457,11.55729677
55,4,51871,45.99101617,20.06708951,34.43735421,56.59617127,18.92579669,8.008328353,18.91037381,46.72553064,36.89951142,27.39534517,54.72387145,69.9360748,53.34414655,37347.16667,93.32205104,27.45,25.37606279,4.132231405,51.03751709,8.692550092,0.321065462,0,9.037398181,4.903301426,18.77319789,33.81519828,42.5083024
56,2,60327,51.88058415,25.04517049,16.52162382,31.51159514,12.52507169,15.96797454,65.90581332,57.96575331,16.61323732,20.68312799,35.91142627,81.67714638,56.179115,56851.83333,90.84769563,35.25984848,18.68586993,6.678855267,59.22540204,2.899145554,0.481325324,0.49625014,10.65258759,3.911773747,20.11988933,41.57700584,34.39133108
58,1,8759,49.09236214,24.29501085,24.45484644,73.20470373,2.523119078,2.055029113,28.72474027,20.92704647,41.44474565,5.056444026,38.96477354,27.10922171,10.20274689,88303,90.98275263,33.6,51.91323422,6.751157689,28.05264441,11.2113088,0.389958567,0.950524007,0.731172313,4.254735108,27.39500412,46.33543783,22.01482295
6,1,16770,49.94036971,21.93202147,23.05307096,65.92725104,8.097793679,17.86523554,14.05485987,36.84555754,31.70269572,12.76927693,40.83234597,38.96545857,20.23141058,72862,92.31236706,30.895,41.12903226,9.868780755,36.56369601,9.158009841,0,0.259704757,2.651722253,5.145952453,25.98555522,29.1152573,39.75323503
60,2,18552,47.35877533,25.88939198,18.92518327,8.586675291,41.32169038,0.884001725,62.78029323,31.7647693,15.9529942,32.75992643,44.43668366,93.08988764,71.57303371,31811.4,91.88214071,28.06,16.84970663,7.206258462,64.57048292,3.836317136,0.571686475,0,6.499172559,2.440550688,19.93116395,46.30788486,31.3204005
61,2,117670,45.48058129,19.06263279,16.8938557,24.19903119,60.94246622,3.070451262,13.23786862,27.41820345,41.04703563,19.95867413,33.25196414,82.15940686,69.41191339,64124.58065,87.76146316,29.30858295,12.70293413,1.459203467,61.61158975,14.59902487,0.929696101,0,7.701448718,1.424215761,17.84976161,54.91006569,25.81595695
62,2,40605,47.38086443,20.98756311,20.2709026,34.02536633,56.15564586,0.85457456,10.62923285,35.49070312,37.72761421,17.973588,33.9490658,85.39848749,65.27050611,64862.55556,91.97174692,28.50555556,13.04940018,2.593116455,60.43270994,10.97490701,0.984860391,0.162397192,10.84918016,5.201835942,20.51900671,49.55278334,24.72637401
63,2,49668,49.19666586,25.5154224,16.27003302,31.7367319,26.10131272,8.709833293,59.84537328,44.62027865,15.38509144,18.5089141,41.66448984,66.79211715,58.4508006,59863.78571,97.06917724,34.66,24.66468672,3.233378042,59.16842307,6.509867791,0.210768346,0,4.96263652,1.941896808,14.34646718,56.13567659,27.57595942
64,1,26641,48.3653016,16.90251867,32.37866446,46.43219098,2.188356293,43.96231373,9.965842123,38.64719793,49.66413763,7.317165307,39.59181866,23.95209581,10.4446844,103682.8333,92.98596438,26.66666667,52.39188975,10.24869317,22.01013781,12.20497386,0.071281483,0,2.677015682,1.380243572,34.60532251,32.03428056,31.98015336
65,3,13727,47.97115174,15.983099,11.9326874,41.81540031,21.35936476,22.75806804,16.23807096,28.1926131,72.30693556,15.50229475,23.31968611,75.88694244,78.74282349,122042.75,74.55028015,22.425,5.25187567,0.643086817,55.38882934,20.73359533,1.798261284,0,14.92199595,1.652644231,38.10096154,54.61237981,5.634014423
66,3,9958,45.50110464,25.58746736,10.30327375,41.65495079,21.96224141,17.39305081,22.92629042,25.57742519,58.40592334,24.87501275,28.64,71.60426346,61.41022137,135671.5,87.94971382,23.925,6.786171575,1.941954759,52.39009816,16.66666667,6.124626547,0,14.53265045,3.533930858,33.46991037,53.49551857,9.500640205
67,4,45035,50.99367159,20.06217386,25.4735206,46.57710669,1.89408238,41.36338403,13.58498945,47.3098701,34.164435,18.2612201,39.97832859,49.48871182,33.3001328,73129.47059,92.54015974,29.73529412,27.17491546,6.55804898,41.09027564,11.80961164,0.245926837,0.03586433,12.64986167,5.048509847,26.96798931,35.70557137,32.27792947
68,0,31840,50.37060302,8.602386935,26.80590452,66.03329146,5.480527638,12.84233668,21.5201005,27.08856784,67.07944013,14.47836254,30.59418458,67.29276797,82.09987628,90055,84.59214502,20.85,3.616208362,0.742614217,46.31114459,17.6236345,1.119302588,0,30.03820696,6.715442906,48.79148158,39.84844526,4.644630259
69,2,66478,46.20626373,24.51036433,17.80438641,12.96669575,44.67643431,1.034928849,59.17747225,40.41487409,15.93190046,29.13173379,40.99237817,89.10025922,73.14992892,39858.35714,92.38766493,29.23928571,17.84927962,1.622310634,66.78125845,2.537757349,2.248059021,0.034763799,8.316273321,3.923589093,21.52029169,43.85700698,30.69911224
7,3,76737,49.03762201,13.73652866,17.21594537,58.77738249,4.747383922,15.34722494,26.1725113,38.3309225,52.43152142,10.64218746,26.82912306,83.56124186,64.93338811,80452.95652,87.06237478,26.87173913,10.99788855,2.519966951,64.42210594,12.38868998,0.690810612,0.144588268,8.110713302,2.538376906,18.99198407,60.0592026,18.41043642
70,4,18841,50.74571413,21.28337137,20.18470357,16.18810042,22.8437981,12.44626081,58.61153867,51.56308052,19.54763331,13.75785734,39.17168281,47.6357268,31.97120062,69315.125,95.94006767,37.5,28.69336011,4.920296222,53.9851889,4.807330237,0.677795908,0.175724865,6.690096649,2.768987342,18.63132911,47.99578059,30.60390295
71,4,53084,46.53944691,19.48044609,26.1076784,3.296661894,84.05545927,2.383015598,7.902569512,51.70296134,26.55425675,11.23402163,37.78111285,54.3710368,44.67508536,70940,95.74338589,32.98684211,27.42331042,3.180155188,57.2789772,5.962288425,1.24231094,0.056285933,4.293812568,1.380932022,13.67678495,45.62633604,39.31594699
72,4,57069,44.44444444,20.34028982,23.93944173,3.81292821,86.64949447,0.92694808,5.908636913,50.30051341,24.84237688,14.41846416,38.66492259,69.14638166,53.42530251,62926.05882,95.04584887,33.98823529,23.57653342,3.699049713,61.37987905,4.822115762,0.973847483,0,5.038090002,2.071127981,13.68924829,43.19663339,41.04299035
73,4,25784,51.70648464,16.10300962,28.94430655,20.94709898,1.105336643,65.95950977,15.20710518,65.4591995,26.85631869,15.00875316,43.18986652,52.28186332,30.71648144,59576.83333,94.14143794,34.20416667,36.6922037,10.97791798,35.05182515,7.832356918,0.027039207,0.135196034,8.67057233,4.175630745,26.08057892,36.79835713,32.94543321
74,2,60971,46.36958554,22.90105132,18.73513638,18.42515294,41.78543898,4.174115563,46.88458447,21.22320447,28.89600452,32.69147555,46.7704965,92.48541424,83.51614158,35594.09091,91.01557963,22.97784091,8.399393546,2.053281352,68.80225254,10.62594759,0.71041802,0.07797271,8.620316223,2.922644436,20.9868166,61.19620008,14.89433889
75,2,59773,43.27873789,17.04448497,23.46377127,30.95544811,27.05402105,13.25012966,42.23478828,26.35805464,36.23866828,29.02623683,45.68909531,91.70994572,82.54519895,52729.2,87.15232682,21.96045455,5.705054801,0.907901194,64.98445935,10.12596107,1.153279895,0.376247342,15.83919516,7.826720058,26.17855843,52.83491081,13.1598107
76,2,110153,45.85258686,28.00650005,17.42485452,13.06455566,66.64003704,3.544161303,29.89387488,30.58745563,14.90127236,25.17215768,43.3396858,74.47233158,59.93000875,49163.64286,95.9143663,33.72076149,22.28116056,4.004243561,60.07845653,6.515839337,1.884930425,0.081417152,4.320043422,2.227441873,12.70486395,54.50106886,30.56662532
77,2,30156,42.07122961,23.49449529,21.93593315,7.245655923,74.92704603,1.429234647,25.37140204,35.52195251,14.97397112,29.82824746,45.07845934,73.79924447,64.63392697,43687.33333,90.50641413,34.57777778,21.64737311,0.605520926,68.46838825,4.532502226,0.694568121,0,3.855743544,3.143363492,12.65740136,49.35173958,34.84749557
78,2,45149,46.0497464,28.99953487,15.11661388,17.3049237,42.8758112,0.363241711,66.28496755,27.94303307,13.25108853,39.63500864,43.04967732,92.96616637,72.11269397,27836.90909,91.32395504,36.60208333,22.46597066,3.568124752,61.35853046,5.292718382,0.892031188,0.303951368,4.506409409,3.216353869,19.04695458,40.06139678,37.67529477
79,0,44291,51.29484545,5.588042717,17.2450385,70.8360615,5.809306631,13.40452914,12.88975187,19.52992707,74.67154189,19.28534967,32.19964874,83.49804643,83.81521489,104156,72.97706474,20.45,3.925767309,1.266012998,45.86197829,16.57087043,1.217175702,0,30.35801495,9.068804035,47.20371037,38.8148415,4.912644092
80,3,37479,48.16563942,14.7362523,14.91235092,55.31897863,11.84663412,11.97203767,29.5338723,24.66714694,51.10530405,20.09202044,26.89752737,84.15001537,67.00891485,90251.5,81.22564935,23.20833333,7.562289872,2.275134712,59.34693502,18.18726109,0.474370193,0,11.31580159,2.150416573,24.84800721,60.48750281,12.51407341
81,4,39184,43.36463863,22.65975909,20.970294,8.322274398,71.33523887,0.227133524,26.77878726,36.64505921,25.16592067,13.65994683,37.78150304,61.42789449,45.3798768,66620.875,93.02083604,30.90446429,39.18059107,6.095022894,42.39162752,3.573764643,1.766070048,0,5.006838318,2.805870745,24.19832264,36.34681796,36.64898865
82,4,88884,49.48134647,21.68219252,19.32068764,14.03627199,1.531209217,45.49975249,45.90814995,66.25376896,28.53159111,9.370238122,33.18999109,72.6642444,60.97063622,62658.68421,92.61938561,30.86315789,14.84251336,3.168085155,67.82363332,5.510311762,0.332637471,0.162877658,7.41896263,2.354997694,15.14967588,59.16142659,23.33389983
83,4,25457,51.4396826,19.5859685,19.38955886,21.44400361,1.390580194,56.41277448,30.43956476,65.16871587,32.915426,11.60247079,35.07198489,58.06718713,39.75632837,67436.875,91.28058921,30.44375,25.32920831,10.21735681,51.14231318,5.386323973,0.674282088,0.317309218,6.607964461,1.693636287,25.88245158,51.50498868,20.91892345
84,1,30386,46.92292503,21.42763115,24.42901336,90.63713552,1.286776805,5.216217995,8.303165932,16.72480748,40.81452176,7.159566406,38.86075437,19.91858098,7.192013182,116017.1667,95.42898965,26.55833333,64.00415656,6.983027364,18.14340145,8.569449255,0.131624524,0,1.614132317,3.5232611,29.41354751,31.69419609,35.3689953
85,2,28072,42.45155315,20.06982046,17.9431462,7.003419778,81.21615845,1.791821032,6.134226275,43.21744087,31.85728745,13.58572201,35.95354098,76.98769877,62.97629763,68358.22222,94.84192415,31.61111111,15.7504363,2.363292612,66.85573008,7.031704479,0.785340314,0,6.980802792,2.831443097,16.84004693,47.78255768,32.54595229
86,4,60666,47.02963769,30.85748195,20.1480236,35.87841625,42.46530182,4.742359806,23.78927241,33.18333168,29.0964234,16.92485785,39.95291859,72.34007292,40.34360844,65817.55556,91.86316229,29.66444444,42.91813706,5.61582364,33.64266109,6.813924106,2.635821026,0,7.349801769,8.167749778,25.19986909,29.90789658,36.72448455
87,0,16786,47.57536042,8.822828548,4.468009055,72.75110211,1.584653878,16.50184678,6.636482783,19.11116407,91.58537553,5.112625054,9.582790091,85.65032988,89.64420358,195634.5,65.33604644,21.3,1.705402958,0.271657108,51.48656807,14.08843948,1.833685481,0,30.33504377,10.96179183,50.39086517,35.03732982,3.610013175
88,0,1906,62.11962225,15.21511018,5.19412382,64.21825813,3.830010493,19.41238195,10.07345226,22.45540399,91.96310935,7.926509186,10.22797289,81.23543124,85.66433566,208438,77.02265372,22.8,2.668539326,2.879213483,44.17134831,23.24438202,1.123595506,0,25.91292135,8.600182983,33.48581885,53.52241537,4.3915828
89,2,107159,47.19248966,21.23853339,19.11272035,28.95790368,45.03588126,9.670676285,17.54122379,41.16686419,37.5353412,14.52932063,33.11220709,79.56158295,58.76202743,74310.21429,92.19017205,28.76220238,17.1475571,3.182196339,60.41635154,10.42769626,1.036151868,0.011344728,6.821963394,1.78582737,16.45663141,51.0607308,30.69681042
9,1,21372,48.73198578,19.58169568,26.38031069,36.95021523,1.249298147,51.41306382,15.45012165,47.25341568,34.62777041,10.52754873,39.00266636,31.73263216,12.46886244,76039.42857,95.23383413,30.22857143,49.3808208,9.466789479,30.11974209,7.542728482,0.419609047,0.061406202,2.538123017,2.468452513,25.88000886,40.48040735,31.17113128
90,0,20190,52.47152055,9.5047053,17.86527984,77.71669143,6.13174839,9.321446261,11.401684,23.90787519,82.86555787,9.872247353,20.88087875,65.76576577,80.98759136,155353,78.75766489,18.91666667,5.478967833,1.385648639,47.61399788,15.92788971,2.545068929,0,25.88900672,7.862428523,63.12647158,24.34409687,4.667003027
91,4,71676,47.11479435,22.65472404,25.00279033,16.79920755,67.68234835,5.234667113,8.732351136,43.19158435,31.47774505,10.06334158,39.22198864,40.23981218,32.79808821,84231.92593,95.47185244,30.45783476,34.11559225,5.389012385,49.47284852,6.294061607,0.800254049,0.028580502,3.216894252,2.67724007,18.54412363,36.70868917,42.06994713
92,4,69610,44.84700474,14.08849303,28.93118805,10.54589858,3.447780491,73.09581957,13.84571182,70.49418187,22.9476975,20.7895389,42.14488543,72.40534601,62.06275442,44813.86667,93.11237027,31.58,16.35447154,11.52845528,43.12195122,5.391869919,0.146341463,0.02601626,22.61788618,8.225629039,26.09652138,37.11673312,28.56111646
95,4,92512,47.9440505,18.78675199,26.87002767,55.13122622,3.733569699,27.73045659,15.17316672,44.99848668,61.9199933,7.066085615,34.9355171,50.54241243,45.63215252,104647.25,91.05510363,23.5625,23.01389842,4.02582361,50.67776253,15.07592656,0.416094715,0.021448181,6.07841455,2.174516984,16.17123374,53.06225534,28.59199394
97,3,35051,46.45231234,19.07791504,15.42324042,38.34698011,32.74656928,10.75860888,16.07657413,20.35890559,57.4207038,18.53403452,29.76750623,79.12554825,70.90186404,101447.5,83.44883345,23.775,9.249159918,1.592023357,52.36049138,21.26370297,1.189885969,0,14.07480857,2.658644092,28.20261667,55.64262226,13.49611698
98,1,18972,52.17689226,22.18532574,24.53615855,32.64284208,8.776091082,50.12650221,10.06219692,48.3923677,49.24253787,9.63099631,37.52160617,56.7941041,12.78980501,95545,91.84682238,23.43,42.07496181,11.97274116,25.5199154,15.32134884,0,0,3.430854189,4.523380047,25.82211739,35.57652283,34.07797974
1,5,,,,,,,,,,,,,,,,,,,,,,,,,,,,
2,5,,,,,,,,,,,,,,,,,,,,,,,,,,,,
8,5,,,,,,,,,,,,,,,,,,,,,,,,,,,,
12,5,,,,,,,,,,,,,,,,,,,,,,,,,,,,
31,5,,,,,,,,,,,,,,,,,,,,,,,,,,,,
34,5,,,,,,,,,,,,,,,,,,,,,,,,,,,,
43,5,,,,,,,,,,,,,,,,,,,,,,,,,,,,
57,5,,,,,,,,,,,,,,,,,,,,,,,,,,,,
59,5,,,,,,,,,,,,,,,,,,,,,,,,,,,,
93,5,,,,,,,,,,,,,,,,,,,,,,,,,,,,
94,5,,,,,,,,,,,,,,,,,,,,,,,,,,,,
96,5,,,,,,,,,,,,,,,,,,,,,,,,,,,,
99,5,,,,,,,,,,,,,,,,,,,,,,,,,,,,
103,5,,,,,,,,,,,,,,,,,,,,,,,,,,,,
104,5,,,,,,,,,,,,,,,,,,,,,,,,,,,,
105,5,,,,,,,,,,,,,,,,,,,,,,,,,,,,
110,5,,,,,,,,,,,,,,,,,,,,,,,,,,,,
111,5,,,,,,,,,,,,,,,,,,,,,,,,,,,,
120,5,,,,,,,,,,,,,,,,,,,,,,,,,,,,
128,5,,,,,,,,,,,,,,,,,,,,,,,,,,,,
132,5,,,,,,,,,,,,,,,,,,,,,,,,,,,,
138,5,,,,,,,,,,,,,,,,,,,,,,,,,,,,
184,5,,,,,,,,,,,,,,,,,,,,,,,,,,,,
190,5,,,,,,,,,,,,,,,,,,,,,,,,,,,,
194,5,,,,,,,,,,,,,,,,,,,,,,,,,,,,
199,5,,,,,,,,,,,,,,,,,,,,,,,,,,,,
207,5,,,,,,,,,,,,,,,,,,,,,,,,,,,,
224,5,,,,,,,,,,,,,,,,,,,,,,,,,,,,
253,5,,,,,,,,,,,,,,,,,,,,,,,,,,,,
,,,,,,,,,,,,,,,,,,,,,,,,,,,,,
,,,,,,,,,,,,,,,,,,,,,,,,,,,,,
,,,,,,,,,,,,,,,,,,,,,,,,,,,,,
,,,,,,,,,,,,,,,,,,,,,,,,,,,,,
,,,,,,,,,,,,,,,,,,,,,,,,,,,,,
,,,,,,,,,,,,,,,,,,,,,,,,,,,,,
,,,,,,,,,,,,,,,,,,,,,,,,,,,,,
,,,,,,,,,,,,,,,,,,,,,,,,,,,,,
,,,,,,,,,,,,,,,,,,,,,,,,,,,,,
,,,,,,,,,,,,,,,,,,,,,,,,,,,,,
,,,,,,,,,,,,,,,,,,,,,,,,,,,,,
,,,,,,,,,,,,,,,,,,,,,,,,,,,,,
,,,,,,,,,,,,,,,,,,,,,,,,,,,,,
,,,,,,,,,,,,,,,,,,,,,,,,,,,,,
,,,,,,,,,,,,,,,,,,,,,,,,,,,,,
,,,,,,,,,,,,,,,,,,,,,,,,,,,,,
,,,,,,,,,,,,,,,,,,,,,,,,,,,,,
,,,,,,,,,,,,,,,,,,,,,,,,,,,,,
,,,,,,,,,,,,,,,,,,,,,,,,,,,,,
,,,,,,,,,,,,,,,,,,,,,,,,,,,,,
,,,,,,,,,,,,,,,,,,,,,,,,,,,,,
,,,,,,,,,,,,,,,,,,,,,,,,,,,,,
,,,,,,,,,,,,,,,,,,,,,,,,,,,,,
,,,,,,,,,,,,,,,,,,,,,,,,,,,,,
,,,,,,,,,,,,,,,,,,,,,,,,,,,,,
,,,,,,,,,,,,,,,,,,,,,,,,,,,,,
,,,,,,,,,,,,,,,,,,,,,,,,,,,,,
,,,,,,,,,,,,,,,,,,,,,,,,,,,,,
,,,,,,,,,,,,,,,,,,,,,,,,,,,,,
,,,,,,,,,,,,,,,,,,,,,,,,,,,,,
,,,,,,,,,,,,,,,,,,,,,,,,,,,,,
,,,,,,,,,,,,,,,,,,,,,,,,,,,,,
,,,,,,,,,,,,,,,,,,,,,,,,,,,,,
,,,,,,,,,,,,,,,,,,,,,,,,,,,,,
,,,,,,,,,,,,,,,,,,,,,,,,,,,,,
,,,,,,,,,,,,,,,,,,,,,,,,,,,,,
,,,,,,,,,,,,,,,,,,,,,,,,,,,,,
,,,,,,,,,,,,,,,,,,,,,,,,,,,,,
,,,,,,,,,,,,,,,,,,,,,,,,,,,,,
,,,,,,,,,,,,,,,,,,,,,,,,,,,,,
,,,,,,,,,,,,,,,,,,,,,,,,,,,,,
,,,,,,,,,,,,,,,,,,,,,,,,,,,,,
,,,,,,,,,,,,,,,,,,,,,,,,,,,,,
,,,,,,,,,,,,,,,,,,,,,,,,,,,,,
,,,,,,,,,,,,,,,,,,,,,,,,,,,,,
,,,,,,,,,,,,,,,,,,,,,,,,,,,,,
,,,,,,,,,,,,,,,,,,,,,,,,,,,,,
,,,,,,,,,,,,,,,,,,,,,,,,,,,,,
,,,,,,,,,,,,,,,,,,,,,,,,,,,,,
,,,,,,,,,,,,,,,,,,,,,,,,,,,,,
,,,,,,,,,,,,,,,,,,,,,,,,,,,,,
,,,,,,,,,,,,,,,,,,,,,,,,,,,,,
,,,,,,,,,,,,,,,,,,,,,,,,,,,,,
,,,,,,,,,,,,,,,,,,,,,,,,,,,,,
,,,,,,,,,,,,,,,,,,,,,,,,,,,,,
,,,,,,,,,,,,,,,,,,,,,,,,,,,,,
,,,,,,,,,,,,,,,,,,,,,,,,,,,,,
,,,,,,,,,,,,,,,,,,,,,,,,,,,,,
,,,,,,,,,,,,,,,,,,,,,,,,,,,,,
,,,,,,,,,,,,,,,,,,,,,,,,,,,,,
,,,,,,,,,,,,,,,,,,,,,,,,,,,,,
,,,,,,,,,,,,,,,,,,,,,,,,,,,,,
,,,,,,,,,,,,,,,,,,,,,,,,,,,,,
,,,,,,,,,,,,,,,,,,,,,,,,,,,,,
,,,,,,,,,,,,,,,,,,,,,,,,,,,,,
,,,,,,,,,,,,,,,,,,,,,,,,,,,,,
,,,,,,,,,,,,,,,,,,,,,,,,,,,,,
,,,,,,,,,,,,,,,,,,,,,,,,,,,,,
,,,,,,,,,,,,,,,,,,,,,,,,,,,,,
,,,,,,,,,,,,,,,,,,,,,,,,,,,,,
,,,,,,,,,,,,,,,,,,,,,,,,,,,,,
,,,,,,,,,,,,,,,,,,,,,,,,,,,,,
,,,,,,,,,,,,,,,,,,,,,,,,,,,,,
,,,,,,,,,,,,,,,,,,,,,,,,,,,,,
,,,,,,,,,,,,,,,,,,,,,,,,,,,,,
,,,,,,,,,,,,,,,,,,,,,,,,,,,,,
,,,,,,,,,,,,,,,,,,,,,,,,,,,,,
,,,,,,,,,,,,,,,,,,,,,,,,,,,,,
,,,,,,,,,,,,,,,,,,,,,,,,,,,,,
,,,,,,,,,,,,,,,,,,,,,,,,,,,,,
,,,,,,,,,,,,,,,,,,,,,,,,,,,,,
,,,,,,,,,,,,,,,,,,,,,,,,,,,,,
,,,,,,,,,,,,,,,,,,,,,,,,,,,,,
,,,,,,,,,,,,,,,,,,,,,,,,,,,,,
,,,,,,,,,,,,,,,,,,,,,,,,,,,,,
,,,,,,,,,,,,,,,,,,,,,,,,,,,,,
,,,,,,,,,,,,,,,,,,,,,,,,,,,,,
,,,,,,,,,,,,,,,,,,,,,,,,,,,,,
,,,,,,,,,,,,,,,,,,,,,,,,,,,,,
,,,,,,,,,,,,,,,,,,,,,,,,,,,,,
,,,,,,,,,,,,,,,,,,,,,,,,,,,,,
,,,,,,,,,,,,,,,,,,,,,,,,,,,,,
,,,,,,,,,,,,,,,,,,,,,,,,,,,,,
,,,,,,,,,,,,,,,,,,,,,,,,,,,,,
,,,,,,,,,,,,,,,,,,,,,,,,,,,,,
,,,,,,,,,,,,,,,,,,,,,,,,,,,,,
,,,,,,,,,,,,,,,,,,,,,,,,,,,,,
,,,,,,,,,,,,,,,,,,,,,,,,,,,,,
,,,,,,,,,,,,,,,,,,,,,,,,,,,,,
,,,,,,,,,,,,,,,,,,,,,,,,,,,,,
,,,,,,,,,,,,,,,,,,,,,,,,,,,,,
,,,,,,,,,,,,,,,,,,,,,,,,,,,,,
,,,,,,,,,,,,,,,,,,,,,,,,,,,,,
,,,,,,,,,,,,,,,,,,,,,,,,,,,,,
,,,,,,,,,,,,,,,,,,,,,,,,,,,,,
,,,,,,,,,,,,,,,,,,,,,,,,,,,,,
,,,,,,,,,,,,,,,,,,,,,,,,,,,,,
,,,,,,,,,,,,,,,,,,,,,,,,,,,,,
,,,,,,,,,,,,,,,,,,,,,,,,,,,,,
,,,,,,,,,,,,,,,,,,,,,,,,,,,,,
,,,,,,,,,,,,,,,,,,,,,,,,,,,,,
,,,,,,,,,,,,,,,,,,,,,,,,,,,,,
,,,,,,,,,,,,,,,,,,,,,,,,,,,,,
,,,,,,,,,,,,,,,,,,,,,,,,,,,,,
,,,,,,,,,,,,,,,,,,,,,,,,,,,,,
,,,,,,,,,,,,,,,,,,,,,,,,,,,,,
,,,,,,,,,,,,,,,,,,,,,,,,,,,,,
,,,,,,,,,,,,,,,,,,,,,,,,,,,,,
,,,,,,,,,,,,,,,,,,,,,,,,,,,,,
,,,,,,,,,,,,,,,,,,,,,,,,,,,,,
,,,,,,,,,,,,,,,,,,,,,,,,,,,,,
,,,,,,,,,,,,,,,,,,,,,,,,,,,,,
,,,,,,,,,,,,,,,,,,,,,,,,,,,,,
,,,,,,,,,,,,,,,,,,,,,,,,,,,,,
,,,,,,,,,,,,,,,,,,,,,,,,,,,,,
,,,,,,,,,,,,,,,,,,,,,,,,,,,,,
,,,,,,,,,,,,,,,,,,,,,,,,,,,,,
,,,,,,,,,,,,,,,,,,,,,,,,,,,,,
,,,,,,,,,,,,,,,,,,,,,,,,,,,,,
,,,,,,,,,,,,,,,,,,,,,,,,,,,,,
,,,,,,,,,,,,,,,,,,,,,,,,,,,,,
,,,,,,,,,,,,,,,,,,,,,,,,,,,,,
,,,,,,,,,,,,,,,,,,,,,,,,,,,,,
,,,,,,,,,,,,,,,,,,,,,,,,,,,,,
,,,,,,,,,,,,,,,,,,,,,,,,,,,,,
,,,,,,,,,,,,,,,,,,,,,,,,,,,,,
,,,,,,,,,,,,,,,,,,,,,,,,,,,,,
,,,,,,,,,,,,,,,,,,,,,,,,,,,,,
,,,,,,,,,,,,,,,,,,,,,,,,,,,,,
,,,,,,,,,,,,,,,,,,,,,,,,,,,,,
,,,,,,,,,,,,,,,,,,,,,,,,,,,,,
,,,,,,,,,,,,,,,,,,,,,,,,,,,,,
,,,,,,,,,,,,,,,,,,,,,,,,,,,,,
,,,,,,,,,,,,,,,,,,,,,,,,,,,,,
,,,,,,,,,,,,,,,,,,,,,,,,,,,,,
,,,,,,,,,,,,,,,,,,,,,,,,,,,,,
,,,,,,,,,,,,,,,,,,,,,,,,,,,,,
,,,,,,,,,,,,,,,,,,,,,,,,,,,,,
,,,,,,,,,,,,,,,,,,,,,,,,,,,,,
,,,,,,,,,,,,,,,,,,,,,,,,,,,,,
,,,,,,,,,,,,,,,,,,,,,,,,,,,,,
,,,,,,,,,,,,,,,,,,,,,,,,,,,,,
,,,,,,,,,,,,,,,,,,,,,,,,,,,,,
,,,,,,,,,,,,,,,,,,,,,,,,,,,,,
,,,,,,,,,,,,,,,,,,,,,,,,,,,,,
,,,,,,,,,,,,,,,,,,,,,,,,,,,,,
,,,,,,,,,,,,,,,,,,,,,,,,,,,,,
,,,,,,,,,,,,,,,,,,,,,,,,,,,,,
,,,,,,,,,,,,,,,,,,,,,,,,,,,,,
,,,,,,,,,,,,,,,,,,,,,,,,,,,,,
,,,,,,,,,,,,,,,,,,,,,,,,,,,,,
,,,,,,,,,,,,,,,,,,,,,,,,,,,,,
,,,,,,,,,,,,,,,,,,,,,,,,,,,,,
,,,,,,,,,,,,,,,,,,,,,,,,,,,,,
,,,,,,,,,,,,,,,,,,,,,,,,,,,,,
,,,,,,,,,,,,,,,,,,,,,,,,,,,,,
,,,,,,,,,,,,,,,,,,,,,,,,,,,,,
,,,,,,,,,,,,,,,,,,,,,,,,,,,,,
,,,,,,,,,,,,,,,,,,,,,,,,,,,,,
,,,,,,,,,,,,,,,,,,,,,,,,,,,,,
,,,,,,,,,,,,,,,,,,,,,,,,,,,,,
,,,,,,,,,,,,,,,,,,,,,,,,,,,,,
,,,,,,,,,,,,,,,,,,,,,,,,,,,,,
,,,,,,,,,,,,,,,,,,,,,,,,,,,,,
,,,,,,,,,,,,,,,,,,,,,,,,,,,,,
,,,,,,,,,,,,,,,,,,,,,,,,,,,,,
,,,,,,,,,,,,,,,,,,,,,,,,,,,,,
,,,,,,,,,,,,,,,,,,,,,,,,,,,,,
,,,,,,,,,,,,,,,,,,,,,,,,,,,,,
,,,,,,,,,,,,,,,,,,,,,,,,,,,,,
,,,,,,,,,,,,,,,,,,,,,,,,,,,,,
,,,,,,,,,,,,,,,,,,,,,,,,,,,,,
,,,,,,,,,,,,,,,,,,,,,,,,,,,,,
,,,,,,,,,,,,,,,,,,,,,,,,,,,,,
,,,,,,,,,,,,,,,,,,,,,,,,,,,,,
,,,,,,,,,,,,,,,,,,,,,,,,,,,,,
,,,,,,,,,,,,,,,,,,,,,,,,,,,,,
,,,,,,,,,,,,,,,,,,,,,,,,,,,,,
,,,,,,,,,,,,,,,,,,,,,,,,,,,,,
,,,,,,,,,,,,,,,,,,,,,,,,,,,,,
,,,,,,,,,,,,,,,,,,,,,,,,,,,,,
,,,,,,,,,,,,,,,,,,,,,,,,,,,,,
,,,,,,,,,,,,,,,,,,,,,,,,,,,,,
,,,,,,,,,,,,,,,,,,,,,,,,,,,,,
,,,,,,,,,,,,,,,,,,,,,,,,,,,,,
,,,,,,,,,,,,,,,,,,,,,,,,,,,,,
,,,,,,,,,,,,,,,,,,,,,,,,,,,,,
,,,,,,,,,,,,,,,,,,,,,,,,,,,,,
,,,,,,,,,,,,,,,,,,,,,,,,,,,,,
,,,,,,,,,,,,,,,,,,,,,,,,,,,,,
,,,,,,,,,,,,,,,,,,,,,,,,,,,,,
,,,,,,,,,,,,,,,,,,,,,,,,,,,,,
,,,,,,,,,,,,,,,,,,,,,,,,,,,,,
,,,,,,,,,,,,,,,,,,,,,,,,,,,,,
,,,,,,,,,,,,,,,,,,,,,,,,,,,,,
,,,,,,,,,,,,,,,,,,,,,,,,,,,,,
,,,,,,,,,,,,,,,,,,,,,,,,,,,,,
,,,,,,,,,,,,,,,,,,,,,,,,,,,,,
,,,,,,,,,,,,,,,,,,,,,,,,,,,,,
,,,,,,,,,,,,,,,,,,,,,,,,,,,,,
,,,,,,,,,,,,,,,,,,,,,,,,,,,,,
,,,,,,,,,,,,,,,,,,,,,,,,,,,,,
,,,,,,,,,,,,,,,,,,,,,,,,,,,,,
,,,,,,,,,,,,,,,,,,,,,,,,,,,,,
,,,,,,,,,,,,,,,,,,,,,,,,,,,,,
,,,,,,,,,,,,,,,,,,,,,,,,,,,,,
,,,,,,,,,,,,,,,,,,,,,,,,,,,,,
,,,,,,,,,,,,,,,,,,,,,,,,,,,,,
,,,,,,,,,,,,,,,,,,,,,,,,,,,,,
,,,,,,,,,,,,,,,,,,,,,,,,,,,,,
,,,,,,,,,,,,,,,,,,,,,,,,,,,,,
,,,,,,,,,,,,,,,,,,,,,,,,,,,,,
,,,,,,,,,,,,,,,,,,,,,,,,,,,,,
,,,,,,,,,,,,,,,,,,,,,,,,,,,,,
,,,,,,,,,,,,,,,,,,,,,,,,,,,,,
,,,,,,,,,,,,,,,,,,,,,,,,,,,,,
,,,,,,,,,,,,,,,,,,,,,,,,,,,,,
,,,,,,,,,,,,,,,,,,,,,,,,,,,,,
,,,,,,,,,,,,,,,,,,,,,,,,,,,,,
,,,,,,,,,,,,,,,,,,,,,,,,,,,,,
,,,,,,,,,,,,,,,,,,,,,,,,,,,,,
,,,,,,,,,,,,,,,,,,,,,,,,,,,,,
,,,,,,,,,,,,,,,,,,,,,,,,,,,,,
,,,,,,,,,,,,,,,,,,,,,,,,,,,,,
,,,,,,,,,,,,,,,,,,,,,,,,,,,,,
,,,,,,,,,,,,,,,,,,,,,,,,,,,,,
,,,,,,,,,,,,,,,,,,,,,,,,,,,,,
,,,,,,,,,,,,,,,,,,,,,,,,,,,,,
,,,,,,,,,,,,,,,,,,,,,,,,,,,,,
,,,,,,,,,,,,,,,,,,,,,,,,,,,,,
,,,,,,,,,,,,,,,,,,,,,,,,,,,,,
,,,,,,,,,,,,,,,,,,,,,,,,,,,,,
,,,,,,,,,,,,,,,,,,,,,,,,,,,,,
,,,,,,,,,,,,,,,,,,,,,,,,,,,,,
,,,,,,,,,,,,,,,,,,,,,,,,,,,,,
,,,,,,,,,,,,,,,,,,,,,,,,,,,,,
,,,,,,,,,,,,,,,,,,,,,,,,,,,,,
,,,,,,,,,,,,,,,,,,,,,,,,,,,,,
,,,,,,,,,,,,,,,,,,,,,,,,,,,,,
,,,,,,,,,,,,,,,,,,,,,,,,,,,,,
,,,,,,,,,,,,,,,,,,,,,,,,,,,,,
,,,,,,,,,,,,,,,,,,,,,,,,,,,,,
,,,,,,,,,,,,,,,,,,,,,,,,,,,,,
,,,,,,,,,,,,,,,,,,,,,,,,,,,,,
,,,,,,,,,,,,,,,,,,,,,,,,,,,,,
,,,,,,,,,,,,,,,,,,,,,,,,,,,,,
,,,,,,,,,,,,,,,,,,,,,,,,,,,,,
,,,,,,,,,,,,,,,,,,,,,,,,,,,,,
,,,,,,,,,,,,,,,,,,,,,,,,,,,,,
,,,,,,,,,,,,,,,,,,,,,,,,,,,,,
,,,,,,,,,,,,,,,,,,,,,,,,,,,,,
,,,,,,,,,,,,,,,,,,,,,,,,,,,,,
,,,,,,,,,,,,,,,,,,,,,,,,,,,,,
,,,,,,,,,,,,,,,,,,,,,,,,,,,,,
,,,,,,,,,,,,,,,,,,,,,,,,,,,,,
,,,,,,,,,,,,,,,,,,,,,,,,,,,,,
,,,,,,,,,,,,,,,,,,,,,,,,,,,,,
,,,,,,,,,,,,,,,,,,,,,,,,,,,,,
,,,,,,,,,,,,,,,,,,,,,,,,,,,,,
,,,,,,,,,,,,,,,,,,,,,,,,,,,,,
,,,,,,,,,,,,,,,,,,,,,,,,,,,,,
,,,,,,,,,,,,,,,,,,,,,,,,,,,,,
,,,,,,,,,,,,,,,,,,,,,,,,,,,,,
,,,,,,,,,,,,,,,,,,,,,,,,,,,,,
,,,,,,,,,,,,,,,,,,,,,,,,,,,,,
,,,,,,,,,,,,,,,,,,,,,,,,,,,,,
,,,,,,,,,,,,,,,,,,,,,,,,,,,,,
,,,,,,,,,,,,,,,,,,,,,,,,,,,,,
,,,,,,,,,,,,,,,,,,,,,,,,,,,,,
,,,,,,,,,,,,,,,,,,,,,,,,,,,,,
,,,,,,,,,,,,,,,,,,,,,,,,,,,,,
,,,,,,,,,,,,,,,,,,,,,,,,,,,,,
,,,,,,,,,,,,,,,,,,,,,,,,,,,,,
,,,,,,,,,,,,,,,,,,,,,,,,,,,,,
,,,,,,,,,,,,,,,,,,,,,,,,,,,,,
,,,,,,,,,,,,,,,,,,,,,,,,,,,,,
,,,,,,,,,,,,,,,,,,,,,,,,,,,,,
,,,,,,,,,,,,,,,,,,,,,,,,,,,,,
,,,,,,,,,,,,,,,,,,,,,,,,,,,,,
,,,,,,,,,,,,,,,,,,,,,,,,,,,,,
,,,,,,,,,,,,,,,,,,,,,,,,,,,,,
,,,,,,,,,,,,,,,,,,,,,,,,,,,,,
,,,,,,,,,,,,,,,,,,,,,,,,,,,,,
,,,,,,,,,,,,,,,,,,,,,,,,,,,,,
,,,,,,,,,,,,,,,,,,,,,,,,,,,,,
,,,,,,,,,,,,,,,,,,,,,,,,,,,,,
,,,,,,,,,,,,,,,,,,,,,,,,,,,,,
,,,,,,,,,,,,,,,,,,,,,,,,,,,,,
,,,,,,,,,,,,,,,,,,,,,,,,,,,,,
,,,,,,,,,,,,,,,,,,,,,,,,,,,,,
,,,,,,,,,,,,,,,,,,,,,,,,,,,,,
,,,,,,,,,,,,,,,,,,,,,,,,,,,,,
,,,,,,,,,,,,,,,,,,,,,,,,,,,,,
,,,,,,,,,,,,,,,,,,,,,,,,,,,,,
,,,,,,,,,,,,,,,,,,,,,,,,,,,,,
,,,,,,,,,,,,,,,,,,,,,,,,,,,,,
,,,,,,,,,,,,,,,,,,,,,,,,,,,,,
,,,,,,,,,,,,,,,,,,,,,,,,,,,,,
,,,,,,,,,,,,,,,,,,,,,,,,,,,,,
,,,,,,,,,,,,,,,,,,,,,,,,,,,,,
,,,,,,,,,,,,,,,,,,,,,,,,,,,,,
,,,,,,,,,,,,,,,,,,,,,,,,,,,,,
,,,,,,,,,,,,,,,,,,,,,,,,,,,,,
,,,,,,,,,,,,,,,,,,,,,,,,,,,,,
,,,,,,,,,,,,,,,,,,,,,,,,,,,,,
,,,,,,,,,,,,,,,,,,,,,,,,,,,,,
,,,,,,,,,,,,,,,,,,,,,,,,,,,,,
,,,,,,,,,,,,,,,,,,,,,,,,,,,,,
,,,,,,,,,,,,,,,,,,,,,,,,,,,,,
,,,,,,,,,,,,,,,,,,,,,,,,,,,,,
,,,,,,,,,,,,,,,,,,,,,,,,,,,,,
,,,,,,,,,,,,,,,,,,,,,,,,,,,,,
,,,,,,,,,,,,,,,,,,,,,,,,,,,,,
,,,,,,,,,,,,,,,,,,,,,,,,,,,,,
,,,,,,,,,,,,,,,,,,,,,,,,,,,,,
,,,,,,,,,,,,,,,,,,,,,,,,,,,,,
,,,,,,,,,,,,,,,,,,,,,,,,,,,,,
,,,,,,,,,,,,,,,,,,,,,,,,,,,,,
,,,,,,,,,,,,,,,,,,,,,,,,,,,,,
,,,,,,,,,,,,,,,,,,,,,,,,,,,,,
,,,,,,,,,,,,,,,,,,,,,,,,,,,,,
,,,,,,,,,,,,,,,,,,,,,,,,,,,,,
,,,,,,,,,,,,,,,,,,,,,,,,,,,,,
,,,,,,,,,,,,,,,,,,,,,,,,,,,,,
,,,,,,,,,,,,,,,,,,,,,,,,,,,,,
,,,,,,,,,,,,,,,,,,,,,,,,,,,,,
,,,,,,,,,,,,,,,,,,,,,,,,,,,,,
,,,,,,,,,,,,,,,,,,,,,,,,,,,,,
,,,,,,,,,,,,,,,,,,,,,,,,,,,,,
,,,,,,,,,,,,,,,,,,,,,,,,,,,,,
,,,,,,,,,,,,,,,,,,,,,,,,,,,,,
,,,,,,,,,,,,,,,,,,,,,,,,,,,,,
,,,,,,,,,,,,,,,,,,,,,,,,,,,,,
,,,,,,,,,,,,,,,,,,,,,,,,,,,,,
,,,,,,,,,,,,,,,,,,,,,,,,,,,,,
,,,,,,,,,,,,,,,,,,,,,,,,,,,,,
,,,,,,,,,,,,,,,,,,,,,,,,,,,,,
,,,,,,,,,,,,,,,,,,,,,,,,,,,,,
,,,,,,,,,,,,,,,,,,,,,,,,,,,,,
,,,,,,,,,,,,,,,,,,,,,,,,,,,,,
,,,,,,,,,,,,,,,,,,,,,,,,,,,,,
,,,,,,,,,,,,,,,,,,,,,,,,,,,,,
,,,,,,,,,,,,,,,,,,,,,,,,,,,,,
,,,,,,,,,,,,,,,,,,,,,,,,,,,,,
,,,,,,,,,,,,,,,,,,,,,,,,,,,,,
,,,,,,,,,,,,,,,,,,,,,,,,,,,,,
,,,,,,,,,,,,,,,,,,,,,,,,,,,,,
,,,,,,,,,,,,,,,,,,,,,,,,,,,,,
,,,,,,,,,,,,,,,,,,,,,,,,,,,,,
,,,,,,,,,,,,,,,,,,,,,,,,,,,,,
,,,,,,,,,,,,,,,,,,,,,,,,,,,,,
,,,,,,,,,,,,,,,,,,,,,,,,,,,,,
,,,,,,,,,,,,,,,,,,,,,,,,,,,,,
,,,,,,,,,,,,,,,,,,,,,,,,,,,,,
,,,,,,,,,,,,,,,,,,,,,,,,,,,,,
,,,,,,,,,,,,,,,,,,,,,,,,,,,,,
,,,,,,,,,,,,,,,,,,,,,,,,,,,,,
,,,,,,,,,,,,,,,,,,,,,,,,,,,,,
,,,,,,,,,,,,,,,,,,,,,,,,,,,,,
,,,,,,,,,,,,,,,,,,,,,,,,,,,,,
,,,,,,,,,,,,,,,,,,,,,,,,,,,,,
,,,,,,,,,,,,,,,,,,,,,,,,,,,,,
,,,,,,,,,,,,,,,,,,,,,,,,,,,,,
,,,,,,,,,,,,,,,,,,,,,,,,,,,,,
,,,,,,,,,,,,,,,,,,,,,,,,,,,,,
,,,,,,,,,,,,,,,,,,,,,,,,,,,,,
,,,,,,,,,,,,,,,,,,,,,,,,,,,,,
,,,,,,,,,,,,,,,,,,,,,,,,,,,,,
,,,,,,,,,,,,,,,,,,,,,,,,,,,,,
,,,,,,,,,,,,,,,,,,,,,,,,,,,,,
,,,,,,,,,,,,,,,,,,,,,,,,,,,,,
,,,,,,,,,,,,,,,,,,,,,,,,,,,,,
,,,,,,,,,,,,,,,,,,,,,,,,,,,,,
,,,,,,,,,,,,,,,,,,,,,,,,,,,,,
,,,,,,,,,,,,,,,,,,,,,,,,,,,,,
,,,,,,,,,,,,,,,,,,,,,,,,,,,,,
,,,,,,,,,,,,,,,,,,,,,,,,,,,,,
,,,,,,,,,,,,,,,,,,,,,,,,,,,,,
,,,,,,,,,,,,,,,,,,,,,,,,,,,,,
,,,,,,,,,,,,,,,,,,,,,,,,,,,,,
,,,,,,,,,,,,,,,,,,,,,,,,,,,,,
,,,,,,,,,,,,,,,,,,,,,,,,,,,,,
,,,,,,,,,,,,,,,,,,,,,,,,,,,,,
,,,,,,,,,,,,,,,,,,,,,,,,,,,,,
,,,,,,,,,,,,,,,,,,,,,,,,,,,,,
,,,,,,,,,,,,,,,,,,,,,,,,,,,,,
,,,,,,,,,,,,,,,,,,,,,,,,,,,,,
,,,,,,,,,,,,,,,,,,,,,,,,,,,,,
,,,,,,,,,,,,,,,,,,,,,,,,,,,,,
,,,,,,,,,,,,,,,,,,,,,,,,,,,,,
,,,,,,,,,,,,,,,,,,,,,,,,,,,,,
,,,,,,,,,,,,,,,,,,,,,,,,,,,,,
,,,,,,,,,,,,,,,,,,,,,,,,,,,,,
,,,,,,,,,,,,,,,,,,,,,,,,,,,,,
,,,,,,,,,,,,,,,,,,,,,,,,,,,,,
,,,,,,,,,,,,,,,,,,,,,,,,,,,,,
,,,,,,,,,,,,,,,,,,,,,,,,,,,,,
,,,,,,,,,,,,,,,,,,,,,,,,,,,,,
,,,,,,,,,,,,,,,,,,,,,,,,,,,,,
,,,,,,,,,,,,,,,,,,,,,,,,,,,,,
,,,,,,,,,,,,,,,,,,,,,,,,,,,,,
,,,,,,,,,,,,,,,,,,,,,,,,,,,,,
,,,,,,,,,,,,,,,,,,,,,,,,,,,,,
,,,,,,,,,,,,,,,,,,,,,,,,,,,,,
,,,,,,,,,,,,,,,,,,,,,,,,,,,,,
,,,,,,,,,,,,,,,,,,,,,,,,,,,,,
,,,,,,,,,,,,,,,,,,,,,,,,,,,,,
,,,,,,,,,,,,,,,,,,,,,,,,,,,,,
,,,,,,,,,,,,,,,,,,,,,,,,,,,,,
,,,,,,,,,,,,,,,,,,,,,,,,,,,,,
,,,,,,,,,,,,,,,,,,,,,,,,,,,,,
,,,,,,,,,,,,,,,,,,,,,,,,,,,,,
,,,,,,,,,,,,,,,,,,,,,,,,,,,,,
,,,,,,,,,,,,,,,,,,,,,,,,,,,,,
,,,,,,,,,,,,,,,,,,,,,,,,,,,,,
,,,,,,,,,,,,,,,,,,,,,,,,,,,,,
,,,,,,,,,,,,,,,,,,,,,,,,,,,,,
,,,,,,,,,,,,,,,,,,,,,,,,,,,,,
,,,,,,,,,,,,,,,,,,,,,,,,,,,,,
,,,,,,,,,,,,,,,,,,,,,,,,,,,,,
,,,,,,,,,,,,,,,,,,,,,,,,,,,,,
,,,,,,,,,,,,,,,,,,,,,,,,,,,,,
,,,,,,,,,,,,,,,,,,,,,,,,,,,,,
,,,,,,,,,,,,,,,,,,,,,,,,,,,,,
,,,,,,,,,,,,,,,,,,,,,,,,,,,,,
,,,,,,,,,,,,,,,,,,,,,,,,,,,,,
,,,,,,,,,,,,,,,,,,,,,,,,,,,,,
,,,,,,,,,,,,,,,,,,,,,,,,,,,,,
,,,,,,,,,,,,,,,,,,,,,,,,,,,,,
,,,,,,,,,,,,,,,,,,,,,,,,,,,,,
,,,,,,,,,,,,,,,,,,,,,,,,,,,,,
,,,,,,,,,,,,,,,,,,,,,,,,,,,,,
,,,,,,,,,,,,,,,,,,,,,,,,,,,,,
,,,,,,,,,,,,,,,,,,,,,,,,,,,,,
,,,,,,,,,,,,,,,,,,,,,,,,,,,,,
,,,,,,,,,,,,,,,,,,,,,,,,,,,,,
,,,,,,,,,,,,,,,,,,,,,,,,,,,,,
,,,,,,,,,,,,,,,,,,,,,,,,,,,,,
,,,,,,,,,,,,,,,,,,,,,,,,,,,,,
,,,,,,,,,,,,,,,,,,,,,,,,,,,,,
,,,,,,,,,,,,,,,,,,,,,,,,,,,,,
,,,,,,,,,,,,,,,,,,,,,,,,,,,,,
,,,,,,,,,,,,,,,,,,,,,,,,,,,,,
,,,,,,,,,,,,,,,,,,,,,,,,,,,,,
,,,,,,,,,,,,,,,,,,,,,,,,,,,,,
,,,,,,,,,,,,,,,,,,,,,,,,,,,,,
,,,,,,,,,,,,,,,,,,,,,,,,,,,,,
,,,,,,,,,,,,,,,,,,,,,,,,,,,,,
,,,,,,,,,,,,,,,,,,,,,,,,,,,,,
,,,,,,,,,,,,,,,,,,,,,,,,,,,,,
,,,,,,,,,,,,,,,,,,,,,,,,,,,,,
,,,,,,,,,,,,,,,,,,,,,,,,,,,,,
,,,,,,,,,,,,,,,,,,,,,,,,,,,,,
,,,,,,,,,,,,,,,,,,,,,,,,,,,,,
,,,,,,,,,,,,,,,,,,,,,,,,,,,,,
,,,,,,,,,,,,,,,,,,,,,,,,,,,,,
,,,,,,,,,,,,,,,,,,,,,,,,,,,,,
,,,,,,,,,,,,,,,,,,,,,,,,,,,,,
,,,,,,,,,,,,,,,,,,,,,,,,,,,,,
,,,,,,,,,,,,,,,,,,,,,,,,,,,,,
,,,,,,,,,,,,,,,,,,,,,,,,,,,,,
,,,,,,,,,,,,,,,,,,,,,,,,,,,,,
,,,,,,,,,,,,,,,,,,,,,,,,,,,,,
,,,,,,,,,,,,,,,,,,,,,,,,,,,,,
,,,,,,,,,,,,,,,,,,,,,,,,,,,,,
,,,,,,,,,,,,,,,,,,,,,,,,,,,,,
,,,,,,,,,,,,,,,,,,,,,,,,,,,,,
,,,,,,,,,,,,,,,,,,,,,,,,,,,,,
,,,,,,,,,,,,,,,,,,,,,,,,,,,,,
,,,,,,,,,,,,,,,,,,,,,,,,,,,,,
,,,,,,,,,,,,,,,,,,,,,,,,,,,,,
,,,,,,,,,,,,,,,,,,,,,,,,,,,,,
,,,,,,,,,,,,,,,,,,,,,,,,,,,,,
,,,,,,,,,,,,,,,,,,,,,,,,,,,,,
,,,,,,,,,,,,,,,,,,,,,,,,,,,,,
,,,,,,,,,,,,,,,,,,,,,,,,,,,,,
,,,,,,,,,,,,,,,,,,,,,,,,,,,,,
,,,,,,,,,,,,,,,,,,,,,,,,,,,,,
,,,,,,,,,,,,,,,,,,,,,,,,,,,,,
,,,,,,,,,,,,,,,,,,,,,,,,,,,,,
,,,,,,,,,,,,,,,,,,,,,,,,,,,,,
,,,,,,,,,,,,,,,,,,,,,,,,,,,,,
,,,,,,,,,,,,,,,,,,,,,,,,,,,,,
,,,,,,,,,,,,,,,,,,,,,,,,,,,,,
,,,,,,,,,,,,,,,,,,,,,,,,,,,,,
,,,,,,,,,,,,,,,,,,,,,,,,,,,,,
,,,,,,,,,,,,,,,,,,,,,,,,,,,,,
,,,,,,,,,,,,,,,,,,,,,,,,,,,,,
,,,,,,,,,,,,,,,,,,,,,,,,,,,,,
,,,,,,,,,,,,,,,,,,,,,,,,,,,,,
,,,,,,,,,,,,,,,,,,,,,,,,,,,,,
,,,,,,,,,,,,,,,,,,,,,,,,,,,,,
,,,,,,,,,,,,,,,,,,,,,,,,,,,,,
,,,,,,,,,,,,,,,,,,,,,,,,,,,,,
,,,,,,,,,,,,,,,,,,,,,,,,,,,,,
,,,,,,,,,,,,,,,,,,,,,,,,,,,,,
,,,,,,,,,,,,,,,,,,,,,,,,,,,,,
,,,,,,,,,,,,,,,,,,,,,,,,,,,,,
,,,,,,,,,,,,,,,,,,,,,,,,,,,,,
,,,,,,,,,,,,,,,,,,,,,,,,,,,,,
,,,,,,,,,,,,,,,,,,,,,,,,,,,,,
,,,,,,,,,,,,,,,,,,,,,,,,,,,,,
,,,,,,,,,,,,,,,,,,,,,,,,,,,,,
,,,,,,,,,,,,,,,,,,,,,,,,,,,,,
,,,,,,,,,,,,,,,,,,,,,,,,,,,,,
,,,,,,,,,,,,,,,,,,,,,,,,,,,,,
,,,,,,,,,,,,,,,,,,,,,,,,,,,,,
,,,,,,,,,,,,,,,,,,,,,,,,,,,,,
,,,,,,,,,,,,,,,,,,,,,,,,,,,,,
,,,,,,,,,,,,,,,,,,,,,,,,,,,,,
,,,,,,,,,,,,,,,,,,,,,,,,,,,,,
,,,,,,,,,,,,,,,,,,,,,,,,,,,,,
,,,,,,,,,,,,,,,,,,,,,,,,,,,,,
,,,,,,,,,,,,,,,,,,,,,,,,,,,,,
,,,,,,,,,,,,,,,,,,,,,,,,,,,,,
,,,,,,,,,,,,,,,,,,,,,,,,,,,,,
,,,,,,,,,,,,,,,,,,,,,,,,,,,,,
,,,,,,,,,,,,,,,,,,,,,,,,,,,,,
,,,,,,,,,,,,,,,,,,,,,,,,,,,,,
,,,,,,,,,,,,,,,,,,,,,,,,,,,,,
,,,,,,,,,,,,,,,,,,,,,,,,,,,,,
,,,,,,,,,,,,,,,,,,,,,,,,,,,,,
,,,,,,,,,,,,,,,,,,,,,,,,,,,,,
,,,,,,,,,,,,,,,,,,,,,,,,,,,,,
,,,,,,,,,,,,,,,,,,,,,,,,,,,,,
,,,,,,,,,,,,,,,,,,,,,,,,,,,,,
,,,,,,,,,,,,,,,,,,,,,,,,,,,,,
,,,,,,,,,,,,,,,,,,,,,,,,,,,,,
,,,,,,,,,,,,,,,,,,,,,,,,,,,,,
,,,,,,,,,,,,,,,,,,,,,,,,,,,,,
,,,,,,,,,,,,,,,,,,,,,,,,,,,,,
,,,,,,,,,,,,,,,,,,,,,,,,,,,,,
,,,,,,,,,,,,,,,,,,,,,,,,,,,,,
,,,,,,,,,,,,,,,,,,,,,,,,,,,,,
,,,,,,,,,,,,,,,,,,,,,,,,,,,,,
,,,,,,,,,,,,,,,,,,,,,,,,,,,,,
,,,,,,,,,,,,,,,,,,,,,,,,,,,,,
,,,,,,,,,,,,,,,,,,,,,,,,,,,,,
,,,,,,,,,,,,,,,,,,,,,,,,,,,,,
,,,,,,,,,,,,,,,,,,,,,,,,,,,,,
,,,,,,,,,,,,,,,,,,,,,,,,,,,,,
,,,,,,,,,,,,,,,,,,,,,,,,,,,,,
,,,,,,,,,,,,,,,,,,,,,,,,,,,,,
,,,,,,,,,,,,,,,,,,,,,,,,,,,,,
,,,,,,,,,,,,,,,,,,,,,,,,,,,,,
,,,,,,,,,,,,,,,,,,,,,,,,,,,,,
,,,,,,,,,,,,,,,,,,,,,,,,,,,,,
,,,,,,,,,,,,,,,,,,,,,,,,,,,,,
,,,,,,,,,,,,,,,,,,,,,,,,,,,,,
,,,,,,,,,,,,,,,,,,,,,,,,,,,,,
,,,,,,,,,,,,,,,,,,,,,,,,,,,,,
,,,,,,,,,,,,,,,,,,,,,,,,,,,,,
,,,,,,,,,,,,,,,,,,,,,,,,,,,,,
,,,,,,,,,,,,,,,,,,,,,,,,,,,,,
,,,,,,,,,,,,,,,,,,,,,,,,,,,,,
,,,,,,,,,,,,,,,,,,,,,,,,,,,,,
,,,,,,,,,,,,,,,,,,,,,,,,,,,,,
,,,,,,,,,,,,,,,,,,,,,,,,,,,,,
,,,,,,,,,,,,,,,,,,,,,,,,,,,,,
,,,,,,,,,,,,,,,,,,,,,,,,,,,,,
,,,,,,,,,,,,,,,,,,,,,,,,,,,,,
,,,,,,,,,,,,,,,,,,,,,,,,,,,,,
,,,,,,,,,,,,,,,,,,,,,,,,,,,,,
,,,,,,,,,,,,,,,,,,,,,,,,,,,,,
,,,,,,,,,,,,,,,,,,,,,,,,,,,,,
,,,,,,,,,,,,,,,,,,,,,,,,,,,,,
,,,,,,,,,,,,,,,,,,,,,,,,,,,,,
,,,,,,,,,,,,,,,,,,,,,,,,,,,,,
,,,,,,,,,,,,,,,,,,,,,,,,,,,,,
,,,,,,,,,,,,,,,,,,,,,,,,,,,,,
,,,,,,,,,,,,,,,,,,,,,,,,,,,,,
,,,,,,,,,,,,,,,,,,,,,,,,,,,,,
,,,,,,,,,,,,,,,,,,,,,,,,,,,,,
,,,,,,,,,,,,,,,,,,,,,,,,,,,,,
,,,,,,,,,,,,,,,,,,,,,,,,,,,,,
,,,,,,,,,,,,,,,,,,,,,,,,,,,,,
,,,,,,,,,,,,,,,,,,,,,,,,,,,,,
,,,,,,,,,,,,,,,,,,,,,,,,,,,,,
,,,,,,,,,,,,,,,,,,,,,,,,,,,,,
,,,,,,,,,,,,,,,,,,,,,,,,,,,,,
,,,,,,,,,,,,,,,,,,,,,,,,,,,,,
,,,,,,,,,,,,,,,,,,,,,,,,,,,,,
,,,,,,,,,,,,,,,,,,,,,,,,,,,,,
,,,,,,,,,,,,,,,,,,,,,,,,,,,,,
,,,,,,,,,,,,,,,,,,,,,,,,,,,,,
,,,,,,,,,,,,,,,,,,,,,,,,,,,,,
,,,,,,,,,,,,,,,,,,,,,,,,,,,,,
,,,,,,,,,,,,,,,,,,,,,,,,,,,,,
,,,,,,,,,,,,,,,,,,,,,,,,,,,,,
,,,,,,,,,,,,,,,,,,,,,,,,,,,,,
,,,,,,,,,,,,,,,,,,,,,,,,,,,,,
,,,,,,,,,,,,,,,,,,,,,,,,,,,,,
,,,,,,,,,,,,,,,,,,,,,,,,,,,,,
,,,,,,,,,,,,,,,,,,,,,,,,,,,,,
,,,,,,,,,,,,,,,,,,,,,,,,,,,,,
,,,,,,,,,,,,,,,,,,,,,,,,,,,,,
,,,,,,,,,,,,,,,,,,,,,,,,,,,,,
,,,,,,,,,,,,,,,,,,,,,,,,,,,,,
,,,,,,,,,,,,,,,,,,,,,,,,,,,,,
,,,,,,,,,,,,,,,,,,,,,,,,,,,,,
,,,,,,,,,,,,,,,,,,,,,,,,,,,,,
,,,,,,,,,,,,,,,,,,,,,,,,,,,,,
,,,,,,,,,,,,,,,,,,,,,,,,,,,,,
,,,,,,,,,,,,,,,,,,,,,,,,,,,,,
,,,,,,,,,,,,,,,,,,,,,,,,,,,,,
,,,,,,,,,,,,,,,,,,,,,,,,,,,,,
,,,,,,,,,,,,,,,,,,,,,,,,,,,,,
,,,,,,,,,,,,,,,,,,,,,,,,,,,,,
,,,,,,,,,,,,,,,,,,,,,,,,,,,,,
,,,,,,,,,,,,,,,,,,,,,,,,,,,,,
,,,,,,,,,,,,,,,,,,,,,,,,,,,,,
,,,,,,,,,,,,,,,,,,,,,,,,,,,,,
,,,,,,,,,,,,,,,,,,,,,,,,,,,,,
,,,,,,,,,,,,,,,,,,,,,,,,,,,,,
,,,,,,,,,,,,,,,,,,,,,,,,,,,,,
,,,,,,,,,,,,,,,,,,,,,,,,,,,,,
,,,,,,,,,,,,,,,,,,,,,,,,,,,,,
,,,,,,,,,,,,,,,,,,,,,,,,,,,,,
,,,,,,,,,,,,,,,,,,,,,,,,,,,,,
,,,,,,,,,,,,,,,,,,,,,,,,,,,,,
,,,,,,,,,,,,,,,,,,,,,,,,,,,,,
,,,,,,,,,,,,,,,,,,,,,,,,,,,,,
,,,,,,,,,,,,,,,,,,,,,,,,,,,,,
,,,,,,,,,,,,,,,,,,,,,,,,,,,,,
,,,,,,,,,,,,,,,,,,,,,,,,,,,,,
,,,,,,,,,,,,,,,,,,,,,,,,,,,,,
,,,,,,,,,,,,,,,,,,,,,,,,,,,,,
,,,,,,,,,,,,,,,,,,,,,,,,,,,,,
,,,,,,,,,,,,,,,,,,,,,,,,,,,,,
,,,,,,,,,,,,,,,,,,,,,,,,,,,,,
,,,,,,,,,,,,,,,,,,,,,,,,,,,,,
,,,,,,,,,,,,,,,,,,,,,,,,,,,,,
,,,,,,,,,,,,,,,,,,,,,,,,,,,,,
,,,,,,,,,,,,,,,,,,,,,,,,,,,,,
,,,,,,,,,,,,,,,,,,,,,,,,,,,,,
,,,,,,,,,,,,,,,,,,,,,,,,,,,,,
,,,,,,,,,,,,,,,,,,,,,,,,,,,,,
,,,,,,,,,,,,,,,,,,,,,,,,,,,,,
,,,,,,,,,,,,,,,,,,,,,,,,,,,,,
,,,,,,,,,,,,,,,,,,,,,,,,,,,,,
,,,,,,,,,,,,,,,,,,,,,,,,,,,,,
,,,,,,,,,,,,,,,,,,,,,,,,,,,,,
,,,,,,,,,,,,,,,,,,,,,,,,,,,,,
,,,,,,,,,,,,,,,,,,,,,,,,,,,,,
,,,,,,,,,,,,,,,,,,,,,,,,,,,,,
,,,,,,,,,,,,,,,,,,,,,,,,,,,,,
,,,,,,,,,,,,,,,,,,,,,,,,,,,,,
,,,,,,,,,,,,,,,,,,,,,,,,,,,,,
,,,,,,,,,,,,,,,,,,,,,,,,,,,,,
,,,,,,,,,,,,,,,,,,,,,,,,,,,,,
,,,,,,,,,,,,,,,,,,,,,,,,,,,,,
,,,,,,,,,,,,,,,,,,,,,,,,,,,,,
,,,,,,,,,,,,,,,,,,,,,,,,,,,,,
,,,,,,,,,,,,,,,,,,,,,,,,,,,,,
,,,,,,,,,,,,,,,,,,,,,,,,,,,,,
,,,,,,,,,,,,,,,,,,,,,,,,,,,,,
,,,,,,,,,,,,,,,,,,,,,,,,,,,,,
,,,,,,,,,,,,,,,,,,,,,,,,,,,,,
,,,,,,,,,,,,,,,,,,,,,,,,,,,,,
,,,,,,,,,,,,,,,,,,,,,,,,,,,,,
,,,,,,,,,,,,,,,,,,,,,,,,,,,,,
,,,,,,,,,,,,,,,,,,,,,,,,,,,,,
,,,,,,,,,,,,,,,,,,,,,,,,,,,,,
,,,,,,,,,,,,,,,,,,,,,,,,,,,,,
,,,,,,,,,,,,,,,,,,,,,,,,,,,,,
,,,,,,,,,,,,,,,,,,,,,,,,,,,,,
,,,,,,,,,,,,,,,,,,,,,,,,,,,,,
,,,,,,,,,,,,,,,,,,,,,,,,,,,,,
,,,,,,,,,,,,,,,,,,,,,,,,,,,,,
,,,,,,,,,,,,,,,,,,,,,,,,,,,,,
,,,,,,,,,,,,,,,,,,,,,,,,,,,,,
,,,,,,,,,,,,,,,,,,,,,,,,,,,,,
,,,,,,,,,,,,,,,,,,,,,,,,,,,,,
,,,,,,,,,,,,,,,,,,,,,,,,,,,,,
,,,,,,,,,,,,,,,,,,,,,,,,,,,,,
,,,,,,,,,,,,,,,,,,,,,,,,,,,,,
,,,,,,,,,,,,,,,,,,,,,,,,,,,,,
,,,,,,,,,,,,,,,,,,,,,,,,,,,,,
,,,,,,,,,,,,,,,,,,,,,,,,,,,,,
,,,,,,,,,,,,,,,,,,,,,,,,,,,,,
,,,,,,,,,,,,,,,,,,,,,,,,,,,,,
,,,,,,,,,,,,,,,,,,,,,,,,,,,,,
,,,,,,,,,,,,,,,,,,,,,,,,,,,,,
,,,,,,,,,,,,,,,,,,,,,,,,,,,,,
,,,,,,,,,,,,,,,,,,,,,,,,,,,,,
,,,,,,,,,,,,,,,,,,,,,,,,,,,,,
,,,,,,,,,,,,,,,,,,,,,,,,,,,,,
,,,,,,,,,,,,,,,,,,,,,,,,,,,,,
,,,,,,,,,,,,,,,,,,,,,,,,,,,,,
,,,,,,,,,,,,,,,,,,,,,,,,,,,,,
,,,,,,,,,,,,,,,,,,,,,,,,,,,,,
,,,,,,,,,,,,,,,,,,,,,,,,,,,,,
,,,,,,,,,,,,,,,,,,,,,,,,,,,,,
,,,,,,,,,,,,,,,,,,,,,,,,,,,,,
,,,,,,,,,,,,,,,,,,,,,,,,,,,,,
,,,,,,,,,,,,,,,,,,,,,,,,,,,,,
,,,,,,,,,,,,,,,,,,,,,,,,,,,,,
,,,,,,,,,,,,,,,,,,,,,,,,,,,,,
,,,,,,,,,,,,,,,,,,,,,,,,,,,,,
,,,,,,,,,,,,,,,,,,,,,,,,,,,,,
,,,,,,,,,,,,,,,,,,,,,,,,,,,,,
,,,,,,,,,,,,,,,,,,,,,,,,,,,,,
,,,,,,,,,,,,,,,,,,,,,,,,,,,,,
,,,,,,,,,,,,,,,,,,,,,,,,,,,,,
,,,,,,,,,,,,,,,,,,,,,,,,,,,,,
,,,,,,,,,,,,,,,,,,,,,,,,,,,,,
,,,,,,,,,,,,,,,,,,,,,,,,,,,,,
,,,,,,,,,,,,,,,,,,,,,,,,,,,,,
,,,,,,,,,,,,,,,,,,,,,,,,,,,,,
,,,,,,,,,,,,,,,,,,,,,,,,,,,,,
,,,,,,,,,,,,,,,,,,,,,,,,,,,,,
,,,,,,,,,,,,,,,,,,,,,,,,,,,,,
,,,,,,,,,,,,,,,,,,,,,,,,,,,,,
,,,,,,,,,,,,,,,,,,,,,,,,,,,,,
,,,,,,,,,,,,,,,,,,,,,,,,,,,,,
,,,,,,,,,,,,,,,,,,,,,,,,,,,,,
,,,,,,,,,,,,,,,,,,,,,,,,,,,,,
,,,,,,,,,,,,,,,,,,,,,,,,,,,,,
,,,,,,,,,,,,,,,,,,,,,,,,,,,,,
,,,,,,,,,,,,,,,,,,,,,,,,,,,,,
,,,,,,,,,,,,,,,,,,,,,,,,,,,,,
,,,,,,,,,,,,,,,,,,,,,,,,,,,,,
,,,,,,,,,,,,,,,,,,,,,,,,,,,,,
,,,,,,,,,,,,,,,,,,,,,,,,,,,,,
,,,,,,,,,,,,,,,,,,,,,,,,,,,,,
,,,,,,,,,,,,,,,,,,,,,,,,,,,,,
